Имя;Номер работы;Раздел;Подраздел;Код системы;Номер страницы начальной;Номер страницы конечной;Номер фактической страницы
Срабатывание АЗС;24-00-00-810-801;24-00-00;810-801;24-00-00;201;202;105
Сигнальный контакт контактора К1 ошибочно замкнут на корпус при отсутствии сигнала на включение контактора K1 или сигнальный контакт контактора К1 ошибочно не замкнут на корпус при наличи сигнала на включение контактора К1;24-20-00-810-801;24-20-00;810-801;24-20-00;201;202;107
Ложный сигнал обнаружения превышенния допустимого тока катушки контактора К1;24-20-00-810-802;24-20-00;810-802;24-20-00;201;202;109
Цепь определения состояния катушки контактора К1 ошибочно активна или не активна;24-20-00-810-803;24-20-00;810-803;24-20-00;201;202;111
КЗ в цепи обнаружения превышенния допустимого тока катушки контактора K1;24-20-00-810-804;24-20-00;810-804;24-20-00;201;202;113
Отказ кнопки-табло L GEN или цепи определения состояния кнопки- табло с неподключением генератора к шине;24-20-00-810-805;24-20-00;810-805;24-20-00;201;202;115
Отказ кнопки-табло L GEN или цепи определения состояния кнопки- табло;24-20-00-810-806;24-20-00;810-806;24-20-00;201;202;117
Отказ при определении состояния кнопки-табло L GEN с неподключением генератора к шине;24-20-00-810-807;24-20-00;810-807;24-20-00;201;202;119
Низкое напряжение плюсовой цепи возбудителя генератора левого двигателя;24-20-00-810-808;24-20-00;810-808;24-20-00;201;202;121
Цепь обнаружения сверхтоков возбудителя генератора левого двигателя ошибочно активна;24-20-00-810-809;24-20-00;810-809;24-20-00;201;202;123
Низкое или высокое напряжение минусовой цепи возбудителя генератора левого двигателя;24-20-00-810-810;24-20-00;810-810;24-20-00;201;202;125
Низкое напряжение генератора на постоянных магнитах генератора левого двигателя;24-20-00-810-811;24-20-00;810-811;24-20-00;201;202;127
Отказ в управлении током сервоклапана привод-генератора левого двигателя;24-20-00-810-812;24-20-00;810-812;24-20-00;201;202;129
Цепь обнаружения сверхтоков сервоклапана привод-генератора левого двигателя ошибочно активна;24-20-00-810-813;24-20-00;810-813;24-20-00;201;202;131
Отказ контроля частоты вращения левого двигателя;24-20-00-810-814;24-20-00;810-814;24-20-00;201;202;133
Цепь определения состояния реле отключения кухонь ошибочно замкнута (для блока управления генератором левого двигателя);24-20-00-810-816;24-20-00;810-816;24-20-00;201;202;135
Отказ цифровой системы управления левым двигателем (для блока управления генератором левого двигателя);24-20-00-810-817;24-20-00;810-817;24-20-00;201;202;137
Отказ сигнализатора температуры масла привод-генератора левого двигателя или цепи сигнализатора температуры или цепь определения состояния сигнализатора температуры ошибочно в состоянии высоко или низко;24-20-00-810-818;24-20-00;810-818;24-20-00;201;202;139
Расцепление привод-генератора и коробки приводов левого двигателя в результате срабатывания термической защиты;24-20-00-810-820;24-20-00;810-820;24-20-00;201;202;141
Не срабатывание расцепления привод-генератора и коробки приводов левого двигателя при термической защите привод- генератора;24-20-00-810-821;24-20-00;810-821;24-20-00;201;202;143
Цепь определения состояния выхода выдачи предупреждения отказа привод-генератора левого двигателя ошибочно не активна;24-20-00-810-822;24-20-00;810-822;24-20-00;201;202;145
Цепь определения состояния выхода выдачи предупреждения отказа привод-генератора левого двигателя ошибочно активна;24-20-00-810-823;24-20-00;810-823;24-20-00;201;202;147
Отказ сигнализатора давления масла привод-генератора левого двигателя или цепи сигнализатора давления;24-20-00-810-824;24-20-00;810-824;24-20-00;201;202;149
Низкое давление масла привод-генератора левого двигателя;24-20-00-810-825;24-20-00;810-825;24-20-00;201;202;151
Выход выдачи предупреждения отказа генератора левого двигателя ошибочно активен;24-20-00-810-826;24-20-00;810-826;24-20-00;201;202;153
Выход выдачи предупреждения отказа генератора левого двигателя ошибочно не активен;24-20-00-810-827;24-20-00;810-827;24-20-00;201;202;155
Статус сигнала отключения привод-генератора левого двигателя ошибочно не активен;24-20-00-810-828;24-20-00;810-828;24-20-00;201;202;157
Статус сигнала отключения привод-генератора левого двигателя ошибочно активен;24-20-00-810-829;24-20-00;810-829;24-20-00;201;202;159
Отказ цепи определения частоты в точке регулирования или генератора на постоянных магнитах привод-генератора левого двигателя;24-20-00-810-830;24-20-00;810-830;24-20-00;201;202;161
Кнопка-табло FIRE левого двигателя активна;24-20-00-810-831;24-20-00;810-831;24-20-00;201;202;163
Ошибка програмирования блока управления генератором левого двигателя с помощью перемычек;24-20-00-810-832;24-20-00;810-832;24-20-00;201;202;165
Сигнал статуса отключения генератора левого двигателя ошибочно активен;24-20-00-810-833;24-20-00;810-833;24-20-00;201;202;167
Сигнал статуса отключения генератора левого двигателя ошибочно не активен;24-20-00-810-834;24-20-00;810-834;24-20-00;201;202;169
Сигнал статуса наличия одного источника переменного тока от блока управления генератором левого двигателя ошибочно активен;24-20-00-810-835;24-20-00;810-835;24-20-00;201;202;171
Сигнал статуса наличия одного источника переменного тока от блока управления генератором левого двигателя ошибочно не активен;24-20-00-810-836;24-20-00;810-836;24-20-00;201;202;173
Сигнал статуса наличия блокировки превышения тока генератора левого двигателя ошибочно активен;24-20-00-810-837;24-20-00;810-837;24-20-00;201;202;175
Сигнал статуса наличия блокировки при превышении тока генератора левого двигателя ошибочно не активен;24-20-00-810-838;24-20-00;810-838;24-20-00;201;202;177
Коротокое замыкание или обрыв в цепи генератора на постоянных магнитах генератора левого двигателя;24-20-00-810-839;24-20-00;810-839;24-20-00;201;202;179
Сигнал статуса наличия короткого замыкание или обрыва в цепи генератора на постоянных магнитах генератора левого двигателя ошибочно активен;24-20-00-810-840;24-20-00;810-840;24-20-00;201;202;181
Срабатывание защиты от повышенного напряжения генератора левого двигателя, вызванное отказом цепи точки регулирования;24-20-00-810-841;24-20-00;810-841;24-20-00;201;202;183
Срабатывание защиты от повышенного напряжения генератора левого двигателя, вызванное коротким замыканием минусовой цепи возбудителя генератора левого двигателя на корпус или экран;24-20-00-810-842;24-20-00;810-842;24-20-00;201;202;185
Срабатывание защиты от повышенного напряжения генератора левого двигателя, вызванное обрывом нейтрали цепи точки регулирования;24-20-00-810-843;24-20-00;810-843;24-20-00;201;202;187
Срабатывание защиты от повышенного напряжения генератора левого двигателя, вызванное отказом блока управления генератором левого двигателя;24-20-00-810-844;24-20-00;810-844;24-20-00;201;202;189
Срабатывание защиты от пониженного напряжения генератора левого двигателя, вызванное коротоким замыканием или обрывом в цепи генератора на постоянных магнитах;24-20-00-810-845;24-20-00;810-845;24-20-00;201;202;191
Срабатывание защиты от пониженного напряжения генератора левого двигателя, вызванное КЗ в цепи возбудителя;24-20-00-810-846;24-20-00;810-846;24-20-00;201;202;193
Срабатывание защиты от пониженного напряжения генератора левого двигателя, вызванное обрывом в цепи возбудителя;24-20-00-810-847;24-20-00;810-847;24-20-00;201;202;195
Срабатывание защиты от пониженного напряжения генератора левого двигателя, вызванное регулированием блока управления генератора левого двигателя;24-20-00-810-848;24-20-00;810-848;24-20-00;201;202;197
Срабатывание защиты от пониженного напряжения генератора левого двигателя, вызванное обрывом фидера генератора левого двигателя;24-20-00-810-849;24-20-00;810-849;24-20-00;201;202;199
Срабатывание защиты от пониженного напряжения генератора левого двигателя, вызванное обрывом цепи точки регулирования генератора левого двигателя;24-20-00-810-850;24-20-00;810-850;24-20-00;201;202;201
Срабатывание защиты от пониженного напряжения генератора левого двигателя, вызванное обрывом цепи нейтрали точки регулирования;24-20-00-810-851;24-20-00;810-851;24-20-00;201;202;203
Срабатывание защиты от пониженного напряжения генератора левого двигателя, вызванное обрывом цепи нейтрали привод- генератора;24-20-00-810-852;24-20-00;810-852;24-20-00;201;202;205
Срабатывание защиты от пониженного напряжения генератора левого двигателя, вызванное отказом цепи точки регулирования или фидера;24-20-00-810-853;24-20-00;810-853;24-20-00;201;202;207
Срабатывание защиты от пониженного напряжения генератора левого двигателя, вызванное обрывом цепи нейтрали точки регулирования;24-20-00-810-854;24-20-00;810-854;24-20-00;201;202;209
Срабатывание защиты от пониженного напряжения генератора левого двигателя, вызванное обрывом цепи нейтрали фидера;24-20-00-810-855;24-20-00;810-855;24-20-00;201;202;211
Срабатывание защиты от повышенной частоты, вызванное отказом цепи определения частоты генератора левого двигателя;24-20-00-810-856;24-20-00;810-856;24-20-00;201;202;213
Срабатывание защиты от повышенной частоты, вызванное отказом цепи управлении током сервоклапана привод-генератора левого двигателя;24-20-00-810-857;24-20-00;810-857;24-20-00;201;202;215
Срабатывание защиты от повышенной частоты, вызванное отказом обратного провода сервоклапана;24-20-00-810-858;24-20-00;810-858;24-20-00;201;202;217
Срабатывание защиты от повышенной частоты при достижении частоты 480 ± 5 Hz привод-генератором левого двигателя;24-20-00-810-859;24-20-00;810-859;24-20-00;201;202;219
Срабатывание защиты от пониженной частоты, вызванное коротоким замыканием или обрывом в цепи вращающихся диодов генератора левого двигателя;24-20-00-810-860;24-20-00;810-860;24-20-00;201;202;221
Срабатывание защиты от пониженной частоты, вызванное отказом цепи определения частоты генератора на постоянных магнитах генератора левого двигателя;24-20-00-810-861;24-20-00;810-861;24-20-00;201;202;223
Срабатывание защиты от пониженной частоты, вызванное отказом цепи управлении током сервоклапана привод-генератора левого двигателя;24-20-00-810-862;24-20-00;810-862;24-20-00;201;202;225
Срабатывание защиты от пониженной частоты, вызванное срабатыванием термической защиты привод-генератора левого двигателя;24-20-00-810-863;24-20-00;810-863;24-20-00;201;202;227
Срабатывание защиты от пониженной частоты, вызванное низким давлением масла привод-генератора левого двигателя;24-20-00-810-864;24-20-00;810-864;24-20-00;201;202;229
Срабатывание защиты от пониженной частоты, вызванное пониженым током сервоклапана привод-генератора левого двигателя;24-20-00-810-865;24-20-00;810-865;24-20-00;201;202;231
Срабатывание защиты от пониженной частоты, вызванное отсутствием тока сервоклапана привод-генератора левого двигателя;24-20-00-810-866;24-20-00;810-866;24-20-00;201;202;233
Срабатывание защиты от пониженной частоты, вызванное отказом привод-генератора левого двигателя;24-20-00-810-867;24-20-00;810-867;24-20-00;201;202;235
Срабатывание защиты от короткого замыкания в цепи вращающихся диодов, вызванное отказом в цепи обмотки возбуждения генератора левого двигателя;24-20-00-810-868;24-20-00;810-868;24-20-00;201;202;237
Срабатывание защиты от короткого замыкания в цепи вращающихся диодов, вызванное отказом в цепи обмотки возбуждения генератора левого двигателя;24-20-00-810-869;24-20-00;810-869;24-20-00;201;202;239
Срабатывание дифференциальной защиты по току генератора левого двигателя, вызванное отказом блока трансформатора тока генератора;24-20-00-810-870;24-20-00;810-870;24-20-00;201;202;241
Срабатывание дифференциальной защиты по току генератора левого двигателя, вызванное отказом блока трансформатора тока генератора;24-20-00-810-871;24-20-00;810-871;24-20-00;201;202;243
Срабатывание дифференциальной защиты по току генератора левого двигателя, вызванное отказом блока трансформатора тока;24-20-00-810-872;24-20-00;810-872;24-20-00;201;202;245
Срабатывание дифференциальной защиты по току, вызванное наличием КЗ генератора или фидера генератора левого двигателя;24-20-00-810-873;24-20-00;810-873;24-20-00;201;202;247
Срабатывание защиты от превышения тока генератора левого двигателя, вызванное отказом цепи контроля тока;24-20-00-810-874;24-20-00;810-874;24-20-00;201;202;249
Срабатывание защиты от превышения тока генератора левого двигателя, вызванное отказом шины;24-20-00-810-875;24-20-00;810-875;24-20-00;201;204;251
Неправильный порядок чередования фаз генератора левого двигателя;24-20-00-810-876;24-20-00;810-876;24-20-00;201;202;255
Отказ сервоклапана привод-генератора левого двигателя;24-20-00-810-877;24-20-00;810-877;24-20-00;201;202;257
Срабатывание ручного расцепления привод-генератора и коробки приводов левого двигателя;24-20-00-810-878;24-20-00;810-878;24-20-00;201;202;259
Отказ при ручном расцеплении привод-генератора и коробки приводов левого двигателя;24-20-00-810-879;24-20-00;810-879;24-20-00;201;202;261
Срабатывание защиты от обрыва фаз генератора левого двигателя, вызванное обрывом фазы A;24-20-00-810-880;24-20-00;810-880;24-20-00;201;202;263
Срабатывание защиты от обрыва фаз генератора левого двигателя, вызванное обрывом фазы B;24-20-00-810-881;24-20-00;810-881;24-20-00;201;202;265
Срабатывание защиты от обрыва фаз генератора левого двигателя, вызванное обрывом фазы C;24-20-00-810-882;24-20-00;810-882;24-20-00;201;202;267
"""Холодный старт"" блока управления генератором левого двигателя после прерывания питания блока ";24-20-00-810-883;24-20-00;810-883;24-20-00;201;202;269
Неисправность внутренней цепи блока управления генератором левого двигателя (цепь определения состояния сигнального контакта контактора К1);24-20-00-810-884;24-20-00;810-884;24-20-00;201;202;271
Неисправность внутренней цепи блока управления генератором левого двигателя (цепь определения состояния сигнального контакта контактора К41);24-20-00-810-885;24-20-00;810-885;24-20-00;201;202;273
Неисправность внутренней цепи блока управления генератором левого двигателя (цепь определения состояния сигнального контакта контактора К42);24-20-00-810-886;24-20-00;810-886;24-20-00;201;202;275
Неисправность внутренней цепи блока управления генератором левого двигателя (цепь определения состояния сигнального контакта контактора К2);24-20-00-810-887;24-20-00;810-887;24-20-00;201;202;277
Неисправность внутренней цепи блока управления генератором левого двигателя (цепь определения состояния сигнального контакта контактора К31);24-20-00-810-888;24-20-00;810-888;24-20-00;201;202;279
Неисправность внутренней цепи блока управления генератором левого двигателя (цепь определения состояния сигнального контакта контактора К32);24-20-00-810-889;24-20-00;810-889;24-20-00;201;202;281
Неисправность внутренней цепи блока управления генератором левого двигателя (цепь определения состояния кнопки-табло FIRE левого двигателя);24-20-00-810-890;24-20-00;810-890;24-20-00;201;202;283
Неисправность внутренней цепи блока управления генератором левого двигателя (цепь A определения состояния перемычек программирования);24-20-00-810-891;24-20-00;810-891;24-20-00;201;202;285
Неисправность внутренней цепи блока управления генератором левого двигателя (цепь B определения состояния перемычек программирования);24-20-00-810-892;24-20-00;810-892;24-20-00;201;202;287
Неисправность внутренней цепи блока управления генератором левого двигателя (цепь определения состояния кнопки-табло L GEN положения OFF);24-20-00-810-893;24-20-00;810-893;24-20-00;201;202;289
Неисправность внутренней цепи блока управления генератором левого двигателя (цепь определения состояния кнопки-табло L GEN положения ON);24-20-00-810-894;24-20-00;810-894;24-20-00;201;202;291
Неисправность внутренней цепи блока управления генератором левого двигателя (цепь определения состояния кнопки-табло L GEN DRIVE-OFF);24-20-00-810-895;24-20-00;810-895;24-20-00;201;202;293
Неисправность внутренней цепи блока управления генератором левого двигателя (цепи определения состояния сигнализатора давления);24-20-00-810-896;24-20-00;810-896;24-20-00;201;202;295
Неисправность внутренней цепи блока управления генератором левого двигателя (цепи определения состояния сигнала шасси обжато);24-20-00-810-897;24-20-00;810-897;24-20-00;201;202;297
Сигнальный контакт контактора К2 ошибочно замкнут на корпус при отсутствии сигнала на включение контактора K2 или сигнальный контакт контактора К2 ошибочно не замкнут на корпус при наличии сигнала на включение контактора К2;24-20-00-810-898;24-20-00;810-898;24-20-00;201;202;299
Ложный сигнал обнаружения превышения допустимого тока катушки контактора К2;24-20-00-810-899;24-20-00;810-899;24-20-00;201;202;301
Цепь определения состояния катушки контактора K2 ошибочно активна или не активна;24-20-00-810-900;24-20-00;810-900;24-20-00;201;202;303
КЗ в цепи обнаружения превышения допустимого тока катушки контактора K2;24-20-00-810-901;24-20-00;810-901;24-20-00;201;202;305
Отказ кнопки-табло R GEN или цепи определения состояния кнопки-табло с неподключением генератора к шине;24-20-00-810-902;24-20-00;810-902;24-20-00;201;202;307
Отказ кнопки-табло R GEN или цепи определения состояния кнопки-табло;24-20-00-810-903;24-20-00;810-903;24-20-00;201;202;309
Отказ при определении состояния кнопки-табло R GEN с неподключением генератора к шине;24-20-00-810-904;24-20-00;810-904;24-20-00;201;202;311
Низкое напряжение плюсовой цепи возбудителя генератора правого двигателя;24-20-00-810-905;24-20-00;810-905;24-20-00;201;202;313
Низкое или высокое напряжение минусовой цепи возбудителя генератора правого двигателя;24-20-00-810-907;24-20-00;810-907;24-20-00;201;202;315
Низкое напряжение генератора на постоянных магнитах генератора правого двигателя;24-20-00-810-908;24-20-00;810-908;24-20-00;201;202;317
Отказ в управлении током сервоклапана привод-генератора правого двигателя;24-20-00-810-909;24-20-00;810-909;24-20-00;201;202;319
Цепь обнаружения сверхтоков сервоклапана привод-генератора правого двигателя ошибочно активна;24-20-00-810-910;24-20-00;810-910;24-20-00;201;202;321
Отказ контроля частоты вращения правого двигателя;24-20-00-810-911;24-20-00;810-911;24-20-00;201;202;323
Цепь определения состояния реле отключения кухонь ошибочно разомкнута (для блока управления генератором правого двигателя);24-20-00-810-912;24-20-00;810-912;24-20-00;201;202;325
Цепь определения состояния реле отключения кухонь ошибочно замкнута (для блока управления генератором правого двигателя);24-20-00-810-913;24-20-00;810-913;24-20-00;201;202;327
Отказ цифровой системы управления правым двигателем (для блока управления генератором правого двигателя);24-20-00-810-914;24-20-00;810-914;24-20-00;201;202;329
Отказ сигнализатора температуры масла привод-генератора правого двигателя или цепи сигнализатора температуры или цепь определения состояния сигнализатора температуры ошибочно в состоянии высоко или низко;24-20-00-810-915;24-20-00;810-915;24-20-00;201;202;331
Перегрев масла привод-генератора правого двигателя;24-20-00-810-916;24-20-00;810-916;24-20-00;201;202;333
Расцепление привод-генератора и коробки приводов правого двигателя в результате срабатывания термической защиты;24-20-00-810-917;24-20-00;810-917;24-20-00;201;202;335
Не срабатывание расцепления привод-генератора и коробки приводов правого двигателя при термической защите привод- генератора;24-20-00-810-918;24-20-00;810-918;24-20-00;201;202;337
Цепь определения состояния выхода выдачи предупреждения отказа привод-генератора правого двигателя ошибочно не активна;24-20-00-810-919;24-20-00;810-919;24-20-00;201;202;339
Цепь определения состояния выхода выдачи предупреждения отказа привод-генератора правого двигателя ошибочно активна;24-20-00-810-920;24-20-00;810-920;24-20-00;201;202;341
Отказ сигнализатора давления масла привод-генератора правого двигателя или цепи сигнализатора давления;24-20-00-810-921;24-20-00;810-921;24-20-00;201;202;343
Низкое давление масла привод-генератора правого двигателя;24-20-00-810-922;24-20-00;810-922;24-20-00;201;202;345
Выход выдачи предупреждения отказа генератора правого двигателя ошибочно активен;24-20-00-810-923;24-20-00;810-923;24-20-00;201;202;347
Выход выдачи предупреждения отказа генератора правого двигателя ошибочно не активен;24-20-00-810-924;24-20-00;810-924;24-20-00;201;202;349
Статус сигнала отключения привод-генератора правого двигателя ошибочно не активен;24-20-00-810-925;24-20-00;810-925;24-20-00;201;202;351
Статус сигнала отключения привод-генератора правого двигателя ошибочно активен;24-20-00-810-926;24-20-00;810-926;24-20-00;201;202;353
Отказ цепи определения частоты в точки регулирования или генератора на постоянных магнитах привод-генератора правого двигателя;24-20-00-810-927;24-20-00;810-927;24-20-00;201;202;355
Кнопка-табло FIRE правого двигателя активна;24-20-00-810-928;24-20-00;810-928;24-20-00;201;202;357
Ошибка програмирования блока управления генератором правого двигателя с помощью перемычек;24-20-00-810-929;24-20-00;810-929;24-20-00;201;202;359
Сигнал статуса отключения генератора правого двигателя ошибочно активен;24-20-00-810-930;24-20-00;810-930;24-20-00;201;202;361
Сигнал статуса отключения генератора правого двигателя ошибочно не активен;24-20-00-810-931;24-20-00;810-931;24-20-00;201;202;363
Сигнал статуса наличия одного источника переменного тока от блока управления генератором правого двигателя ошибочно активен;24-20-00-810-932;24-20-00;810-932;24-20-00;201;202;365
Сигнал статуса наличия одного источника переменного тока от блока управления генератором правого двигателя ошибочно не активен;24-20-00-810-933;24-20-00;810-933;24-20-00;201;202;367
Сигнал статуса наличия блокировки превышения тока генератора правого двигателя ошибочно активен;24-20-00-810-934;24-20-00;810-934;24-20-00;201;202;369
Сигнал статуса наличия блокировки при превышении тока генератора правого двигателя ошибочно не активен;24-20-00-810-935;24-20-00;810-935;24-20-00;201;202;371
Коротокое замыкание или обрыв в цепи генератора на постоянных магнитах генератора правого двигателя;24-20-00-810-936;24-20-00;810-936;24-20-00;201;202;373
Сигнал статуса наличия короткого замыкание или обрыва в цепи генератора на постоянных магнитах генератора правого двигателя ошибочно активен;24-20-00-810-937;24-20-00;810-937;24-20-00;201;202;375
Срабатывание защиты от повышенного напряжения генератора правого двигателя, вызванное отказом цепи точки регулировани;24-20-00-810-938;24-20-00;810-938;24-20-00;201;202;377
Срабатывание защиты от повышенного напряжения генератора правого двигателя, вызванное коротким замыканием минусовой цепи возбудителя генератор на корпус или экран;24-20-00-810-939;24-20-00;810-939;24-20-00;201;202;379
Срабатывание защиты от повышенного напряжения генератора правого двигателя, вызванное обрывом нейтрали цепи точки регулирования;24-20-00-810-940;24-20-00;810-940;24-20-00;201;202;381
Срабатывание защиты от повышенного напряжения генератора правого двигателя, вызванное отказом блока управления генератором правого двигателя;24-20-00-810-941;24-20-00;810-941;24-20-00;201;202;383
Срабатывание защиты от пониженного напряжения генератора правого двигателя, вызванное коротоким замыканием или обрывом в цепи генератора на постоянных магнитах;24-20-00-810-942;24-20-00;810-942;24-20-00;201;202;385
Срабатывание защиты от пониженного напряжения генератора правого двигателя, вызванное КЗ в цепи возбудителя;24-20-00-810-943;24-20-00;810-943;24-20-00;201;202;387
Срабатывание защиты от пониженного напряжения генератора правого двигателя, вызванное обрывом в цепи возбудителя;24-20-00-810-944;24-20-00;810-944;24-20-00;201;202;389
Срабатывание защиты от пониженного напряжения генератора правого двигателя, вызванное регулированием блока управления генератора правого двигателя;24-20-00-810-945;24-20-00;810-945;24-20-00;201;202;391
Срабатывание защиты от пониженного напряжения генератора правого двигателя, вызванное обрывом фидера генератора правого двигателя;24-20-00-810-946;24-20-00;810-946;24-20-00;201;202;393
Срабатывание защиты от пониженного напряжения генератора правого двигателя, вызванное обрывом цепи точки регулирования генератора правого двигателя;24-20-00-810-947;24-20-00;810-947;24-20-00;201;202;395
Срабатывание защиты от пониженного напряжения генератора правого двигателя, вызванное обрывом цепи нейтрали точки регулирования;24-20-00-810-948;24-20-00;810-948;24-20-00;201;202;397
Срабатывание защиты от пониженного напряжения генератора правого двигателя, вызванное обрывом цепи нейтрали привод- генератора;24-20-00-810-949;24-20-00;810-949;24-20-00;201;202;399
Срабатывание защиты от пониженного напряжения генератора правого двигателя, вызванное отказом цепи точки регулирования или фидера;24-20-00-810-950;24-20-00;810-950;24-20-00;201;202;401
Срабатывание защиты от пониженного напряжения генератора правого двигателя, вызванное обрывом цепи нейтрали точки регулирования;24-20-00-810-951;24-20-00;810-951;24-20-00;201;202;403
Срабатывание защиты от пониженного напряжения генератора правого двигателя, вызванное обрывом цепи нейтрали фидера;24-20-00-810-952;24-20-00;810-952;24-20-00;201;202;405
Срабатывание защиты от повышенной частоты, вызванное отказом цепи определения частоты генератора правого двигателя;24-20-00-810-953;24-20-00;810-953;24-20-00;201;202;407
Срабатывание защиты от повышенной частоты, вызванное отказом цепи управлении током сервоклапана привод-генератора правого двигателя;24-20-00-810-954;24-20-00;810-954;24-20-00;201;202;409
Срабатывание защиты от повышенной частоты, вызванное отказом обратного провода сервоклапана;24-20-00-810-955;24-20-00;810-955;24-20-00;201;202;411
Срабатывание защиты от повышенной частоты при достижении частоты 480 ± 5 Hz привод-генератором правого двигателя;24-20-00-810-956;24-20-00;810-956;24-20-00;201;202;413
Срабатывание защиты от пониженной частоты, вызванное коротким замыканием или обрывом в цепи вращающихся диодов генератора правого двигателя;24-20-00-810-957;24-20-00;810-957;24-20-00;201;202;415
Срабатывание защиты от пониженной частоты, вызванное отказом цепи определения частоты генератора на постоянных магнитах генератора правого двигателя;24-20-00-810-958;24-20-00;810-958;24-20-00;201;202;417
Срабатывание защиты от пониженной частоты, вызванное отказом цепи управлении током сервоклапана привод-генератора правого двигателя;24-20-00-810-959;24-20-00;810-959;24-20-00;201;202;419
Срабатывание защиты от пониженной частоты, вызванное срабатыванием термической защиты привод-генератора правого двигателя;24-20-00-810-960;24-20-00;810-960;24-20-00;201;202;421
Срабатывание защиты от пониженной частоты, вызванное низким давлением масла привод-генератора правого двигателя;24-20-00-810-961;24-20-00;810-961;24-20-00;201;202;423
Срабатывание защиты от пониженной частоты, вызванное низким давлением масла привод-генератора правого двигателя;24-20-00-810-962;24-20-00;810-962;24-20-00;201;202;425
Срабатывание защиты от пониженной частоты, вызванное отсутствием тока сервоклапана привод-генератора правого двигателя;24-20-00-810-963;24-20-00;810-963;24-20-00;201;202;427
Срабатывание защиты от пониженной частоты, вызванное отказом привод-генератора правого двигателя;24-20-00-810-964;24-20-00;810-964;24-20-00;201;202;429
Срабатывание защиты от короткого замыкания в цепи вращающихся диодов, вызванное отказом в цепи обмотки возбуждения генератора правого двигателя;24-20-00-810-965;24-20-00;810-965;24-20-00;201;202;431
Срабатывание защиты от короткого замыкания в цепи вращающихся диодов, вызванное отказом привод-генератора правого двигателя;24-20-00-810-966;24-20-00;810-966;24-20-00;201;202;433
Срабатывание дифференциальной защиты по току, вызванное отказом цепи определения тока генератора правого двигателя;24-20-00-810-967;24-20-00;810-967;24-20-00;201;202;435
Срабатывание дифференциальной защиты по току генератора правого двигателя, вызванное отказом блока трансформатора тока генератора;24-20-00-810-968;24-20-00;810-968;24-20-00;201;202;437
Срабатывание дифференциальной защиты по току генератора правого двигателя, вызванное отказом блока трансформатора тока;24-20-00-810-969;24-20-00;810-969;24-20-00;201;202;439
Срабатывание дифференциальной защиты по току, вызванное наличием КЗ генератора или фидера генератора правого двигателя;24-20-00-810-970;24-20-00;810-970;24-20-00;201;202;441
Срабатывание защиты от превышения тока генератора правого двигателя, вызванное отказом цепи контроля тока;24-20-00-810-971;24-20-00;810-971;24-20-00;201;202;443
Срабатывание защиты от превышения тока генератора правого двигателя, вызванное отказом шины;24-20-00-810-972;24-20-00;810-972;24-20-00;201;204;445
Неправильный порядок чередования фаз генератора правого двигателя;24-20-00-810-973;24-20-00;810-973;24-20-00;201;202;449
Отказ сервоклапана привод-генератора правого двигателя;24-20-00-810-974;24-20-00;810-974;24-20-00;201;202;451
Срабатывание ручного расцепления привод-генератора и коробки приводов правого двигателя;24-20-00-810-975;24-20-00;810-975;24-20-00;201;202;453
Отказ при ручном расцеплении привод-генератора и коробки приводов правого двигателя;24-20-00-810-976;24-20-00;810-976;24-20-00;201;202;455
Срабатывание защиты от обрыва фаз генератора правого двигателя, вызванное обрывом фазы A;24-20-00-810-977;24-20-00;810-977;24-20-00;201;202;457
Срабатывание защиты от обрыва фаз генератора правого двигателя, вызванное обрывом фазы B;24-20-00-810-978;24-20-00;810-978;24-20-00;201;202;459
Срабатывание защиты от обрыва фаз генератора правого двигателя, вызванное обрывом фазы C;24-20-00-810-979;24-20-00;810-979;24-20-00;201;202;461
"""Холодный старт"" блока управления генератором правого двигателя после прерывания питания блока ";24-20-00-810-980;24-20-00;810-980;24-20-00;201;202;463
Неисправность внутренней цепи блока управления генератором правого двигателя (цепь определения состояния сигнального контакта контактора К2);24-20-00-810-981;24-20-00;810-981;24-20-00;201;202;465
Неисправность внутренней цепи блока управления генератором правого двигателя (цепь определения состояния сигнального контакта контактора К41);24-20-00-810-982;24-20-00;810-982;24-20-00;201;202;467
Неисправность внутренней цепи блока управления генератором правого двигателя (цепь определения состояния сигнального контакта контактора К42);24-20-00-810-983;24-20-00;810-983;24-20-00;201;202;469
Неисправность внутренней цепи блока управления генератором правого двигателя (цепь определения состояния сигнального контакта контактора К1);24-20-00-810-984;24-20-00;810-984;24-20-00;201;202;471
Неисправность внутренней цепи блока управления генератором правого двигателя (цепь определения состояния сигнального контакта контактора К31);24-20-00-810-985;24-20-00;810-985;24-20-00;201;202;473
Неисправность внутренней цепи блока управления генератором правого двигателя (цепь определения состояния сигнального контакта контактора К32);24-20-00-810-986;24-20-00;810-986;24-20-00;201;202;475
Неисправность внутренней цепи блока управления генератором правого двигателя (цепь определения состояния кнопки-табло FIRE правого двигателя);24-20-00-810-987;24-20-00;810-987;24-20-00;201;202;477
Неисправность внутренней цепи блока управления генератором правого двигателя (цепь A определения состояния перемычек программирования);24-20-00-810-988;24-20-00;810-988;24-20-00;201;202;479
Неисправность внутренней цепи блока управления генератором правого двигателя (цепь B определения состояния перемычек программирования);24-20-00-810-989;24-20-00;810-989;24-20-00;201;202;481
Неисправность внутренней цепи блока управления генератором правого двигателя (цепь определения состояния кнопки-табло R GEN положения OFF);24-20-00-810-990;24-20-00;810-990;24-20-00;201;202;483
Неисправность внутренней цепи блока управления генератором правого двигателя (цепь определения состояния кнопки-табло R GEN положения ON);24-20-00-810-991;24-20-00;810-991;24-20-00;201;202;485
Неисправность внутренней цепи блока управления генератором правого двигателя (цепь определения состояния кнопки-табло R GEN DRIVE-OFF);24-20-00-810-992;24-20-00;810-992;24-20-00;201;202;487
Неисправность внутренней цепи блока управления генератором правого двигателя (цепи определения состояния сигнализатора давления);24-20-00-810-993;24-20-00;810-993;24-20-00;201;202;489
Неисправность внутренней цепи блока управления генератором правого двигателя (цепи определения состояния сигнала шасси обжато);24-20-00-810-994;24-20-00;810-994;24-20-00;201;202;491
Цепь определения состояния реле отключения кухонь ошибочно разомкнута (для блока управления генератором левого двигателя);24-20-00-810-995;24-20-00;810-995;24-20-00;201;202;493
Перегрев масла привод-генератора левого двигателя;24-20-00-810-996;24-20-00;810-996;24-20-00;201;202;495
Цепь обнаружения сверхтоков возбудителя генератора правого двигателя ошибочно активна;24-20-00-810-997;24-20-00;810-997;24-20-00;201;202;497
Отсутствуют данные на блоке концентраторе данных 1 и 2 от блока управления генератором левого двигателя;24-22-00-810-805;24-22-00;810-805;24-22-00;201;202;499
Отсутствуют данные на блоке концентраторе данных 1 от блока управления генератором левого двигателя;24-22-00-810-806;24-22-00;810-806;24-22-00;201;202;501
Отсутствуют данные на блоке концентраторе данных 2 от блока управления генератором левого двигателя;24-22-00-810-807;24-22-00;810-807;24-22-00;201;202;503
Отсутствуют данные на блоке концентраторе данных 1 и 2 блока управления генератором правого двигателя;24-22-00-810-808;24-22-00;810-808;24-22-00;201;202;505
Отсутствуют данные на блоке концентраторе данных 1 от блока управления генератором правого двигателя;24-22-00-810-809;24-22-00;810-809;24-22-00;201;202;507
Отсутствуют данные на блоке концентраторе данных 2 от блока управления генератором правого двигателя;24-22-00-810-810;24-22-00;810-810;24-22-00;201;202;509
Цепь обнаружения сверхтоков контактора К31/K32 ошибочно активна;24-23-00-810-801;24-23-00;810-801;24-23-00;201;202;511
Цепь определения состояния катушки контактора К31/K32 ошибочно активна или не активна;24-23-00-810-802;24-23-00;810-802;24-23-00;201;202;513
КЗ в цепи определения состояния катушки контактора K31/K32;24-23-00-810-803;24-23-00;810-803;24-23-00;201;202;515
Сигнальный контакт контактора К31 ошибочно активен или не активен;24-23-00-810-804;24-23-00;810-804;24-23-00;201;202;517
Сигнальный контакт контактора К32 ошибочно активен или не активен;24-23-00-810-805;24-23-00;810-805;24-23-00;201;202;519
Низкое напряжение плюсовой цепи возбудителя генератора ВСУ;24-23-00-810-806;24-23-00;810-806;24-23-00;201;202;521
Низкое или высокое напряжение минусовой цепи возбудителя генератора ВСУ;24-23-00-810-807;24-23-00;810-807;24-23-00;201;202;523
Цепь обнаружения сверхтоков возбудителя генератора ВСУ ошибочно активна;24-23-00-810-808;24-23-00;810-808;24-23-00;201;202;525
Низкое напряжение генератора на постоянных магнитах генератора ВСУ;24-23-00-810-809;24-23-00;810-809;24-23-00;201;202;527
Реле отключения кухонь ошибочно замкнуто (для блока управления генератором ВСУ и наземным питанием);24-23-00-810-810;24-23-00;810-810;24-23-00;201;202;529
Реле отключения кухонь ошибочно разомкнуто (для блока управления генератором ВСУ и наземным питанием);24-23-00-810-811;24-23-00;810-811;24-23-00;201;202;531
Потеряна связь с блоком управления генератором левого двигателя;24-23-00-810-812;24-23-00;810-812;24-23-00;201;202;533
Потеряна связь с блоком управления генератором правого двигателя;24-23-00-810-813;24-23-00;810-813;24-23-00;201;202;535
Потеряна связь с блоком управления генератором левого двигателя и правого двигателя;24-23-00-810-814;24-23-00;810-814;24-23-00;201;202;537
Отказ при получении данных от БСТО;24-23-00-810-815;24-23-00;810-815;24-23-00;201;202;539
Цепь определения состояния катушки контактора К41/K42 ошибочно активна или не активна;24-23-00-810-816;24-23-00;810-816;24-23-00;201;202;541
Реле подключения наземного питания к основным шинам блока управления генератором ВСУ и наземным питанием ошибочно открыто;24-23-00-810-817;24-23-00;810-817;24-23-00;201;202;543
Реле подключения наземного питания к основным шинам блока управления генератором ВСУ и наземным питанием ошибочно закрыто;24-23-00-810-818;24-23-00;810-818;24-23-00;201;202;545
Цепь определения состояния катушки контактора подключения наземного питания ошибочно активна или не активна;24-23-00-810-819;24-23-00;810-819;24-23-00;201;202;547
Сигнальный контакт контактора К41 ошибочно активен или не активен;24-23-00-810-820;24-23-00;810-820;24-23-00;201;202;549
Сигнальный контакт контактора К42 ошибочно активен или не активен;24-23-00-810-821;24-23-00;810-821;24-23-00;201;202;551
Цепь определения состояния катушки контактора К43/K44 ошибочно активна или не активна;24-23-00-810-822;24-23-00;810-822;24-23-00;201;202;553
Цепь определения состояния катушки контактора К43/K44 ошибочно активна или не активна;24-23-00-810-823;24-23-00;810-823;24-23-00;201;202;555
Реле подключения наземного питания к шинам наземного обслуживания блока управления генератором ВСУ и наземным питанием ошибочно закрыто;24-23-00-810-824;24-23-00;810-824;24-23-00;201;202;557
Цепь определения состояния катушки контактора подключения наземного питания к шинам наземного обслуживания ошибочно активна или не активна;24-23-00-810-825;24-23-00;810-825;24-23-00;201;202;559
Сигнальный контакт контактора К43 ошибочно активен или не активен;24-23-00-810-826;24-23-00;810-826;24-23-00;201;202;561
Сигнальный контакт контактора К44 ошибочно активен или не активен;24-23-00-810-827;24-23-00;810-827;24-23-00;201;202;563
Сигнал с контакта F ШРАП ошибочно низкий;24-23-00-810-828;24-23-00;810-828;24-23-00;201;202;565
Сигнал готовности ВСУ ошибочно низкий;24-23-00-810-829;24-23-00;810-829;24-23-00;201;202;567
Сигнал подключения генератора ВСУ ошибочно активен;24-23-00-810-830;24-23-00;810-830;24-23-00;201;202;569
Сигнал подключения генератора ВСУ ошибочно не активен;24-23-00-810-831;24-23-00;810-831;24-23-00;201;202;571
Выход выдачи предупреждения отказа генератора ВСУ ошибочно активен;24-23-00-810-832;24-23-00;810-832;24-23-00;201;202;573
Выход выдачи предупреждения отказа генератора ВСУ ошибочно не активен;24-23-00-810-833;24-23-00;810-833;24-23-00;201;202;575
Выход выдачи сигнала подключения наземного питания ошибочно активен;24-23-00-810-834;24-23-00;810-834;24-23-00;201;202;577
Выход выдачи сигнала подключения наземного питания ошибочно не активен;24-23-00-810-835;24-23-00;810-835;24-23-00;201;202;579
Отказ цепи определения частоты в точке регулирования или генератора на постоянных магнитах генератора ВСУ;24-23-00-810-836;24-23-00;810-836;24-23-00;201;202;581
Отказ кнопки-табло GEN APU или цепи определения состояния кнопки-табло;24-23-00-810-837;24-23-00;810-837;24-23-00;201;202;583
Отказ кнопки-табло GEN APU или цепи определения состояния кнопки-табло с неподключением генератора к шине;24-23-00-810-838;24-23-00;810-838;24-23-00;201;202;585
Выход выдачи сигнала подключения наземного питания к шинам наземного обслуживания ошибочно активен;24-23-00-810-839;24-23-00;810-839;24-23-00;201;202;587
Выход выдачи сигнала подключения наземного питания к шинам наземного обслуживания ошибочно не активен;24-23-00-810-840;24-23-00;810-840;24-23-00;201;202;589
Сигнал статуса наличия одного источника переменного тока от блока управления генератором ВСУ и наземным и питанием ошибочно активен;24-23-00-810-841;24-23-00;810-841;24-23-00;201;202;591
Сигнал статуса наличия одного источника переменного тока от блока управления генератором ВСУ и наземным и питанием ошибочно активен;24-23-00-810-842;24-23-00;810-842;24-23-00;201;202;593
Выход выдачи сигнала подключения наземного питания ошибочно не активен;24-23-00-810-843;24-23-00;810-843;24-23-00;201;202;595
Выход выдачи сигнала подключения наземного питания к шинам наземного обслуживания ошибочно не активен;24-23-00-810-844;24-23-00;810-844;24-23-00;201;202;597
Коротокое замыкание или обрыв в цепи генератора на постоянных магнитах генератора ВСУ;24-23-00-810-845;24-23-00;810-845;24-23-00;201;202;599
Сигнал статуса наличия короткого замыкание или обрыва в цепи генератора на постоянных магнитах генератора ВСУ ошибочно активен;24-23-00-810-846;24-23-00;810-846;24-23-00;201;202;601
Срабатывание защиты от повышенного напряжения генератора ВСУ, вызванное отказом цепи точки регулирования;24-23-00-810-847;24-23-00;810-847;24-23-00;201;202;603
Срабатывание защиты от повышенного напряжения генератора ВСУ, вызванное коротким замыканием минусовой цепи возбудителя генератора на корпус или экран;24-23-00-810-848;24-23-00;810-848;24-23-00;201;202;605
Срабатывание защиты от повышенного напряжения генератора ВСУ, вызванное обрывом нейтрали цепи точки регулирования;24-23-00-810-849;24-23-00;810-849;24-23-00;201;202;607
Срабатывание защиты от повышенного напряжения генератора ВСУ, вызванное отказом блока управления генератором ВСУ и наземным питанием;24-23-00-810-850;24-23-00;810-850;24-23-00;201;202;609
Срабатывание защиты от пониженного напряжения генератора ВСУ, вызванное коротоким замыканием или обрывом в цепи генератора на постоянных магнитах;24-23-00-810-851;24-23-00;810-851;24-23-00;201;202;611
Срабатывание защиты от пониженного напряжения генератора ВСУ, вызванное КЗ в цепи возбудителя;24-23-00-810-852;24-23-00;810-852;24-23-00;201;202;613
Срабатывание защиты от пониженного напряжения генератора ВСУ, вызванное обрывом в цепи возбудителя;24-23-00-810-853;24-23-00;810-853;24-23-00;201;202;615
Срабатывание защиты от пониженного напряжения генератора ВСУ, вызванное регулированием блока управления генератором ВСУ и наземным питанием;24-23-00-810-854;24-23-00;810-854;24-23-00;201;202;617
Срабатывание защиты от пониженного напряжения генератора ВСУ вызванное обрывом фидера генератора ВСУ;24-23-00-810-855;24-23-00;810-855;24-23-00;201;202;619
Срабатывание защиты от пониженного напряжения генератора ВСУ вызванное обрывом цепи точки регулирования генератора ВСУ;24-23-00-810-856;24-23-00;810-856;24-23-00;201;202;621
Срабатывание защиты от пониженного напряжения генератора ВСУ вызванное обрывом цепи нейтрали точки регулирования;24-23-00-810-857;24-23-00;810-857;24-23-00;201;202;623
Срабатывание защиты от пониженного напряжения генератора ВСУ вызванное обрывом цепи нейтрали привод-генератора;24-23-00-810-858;24-23-00;810-858;24-23-00;201;202;625
Срабатывание защиты от пониженного напряжения генератора ВСУ вызванное отказом цепи точки регулирования или фидера с не подключением генератора на борт;24-23-00-810-859;24-23-00;810-859;24-23-00;201;202;627
Срабатывание защиты от пониженного напряжения генератора ВСУ вызванное обрывом цепи нейтрали точки регулирования с не подключением генератора на борт;24-23-00-810-860;24-23-00;810-860;24-23-00;201;202;629
Срабатывание защиты от пониженного напряжения генератора ВСУ вызванное обрывом цепи нейтрали фидера с не подключением генератора на борт;24-23-00-810-861;24-23-00;810-861;24-23-00;201;202;631
Срабатывание защиты от повышенной частоты, вызванное отказом цепи определения частоты генератора ВСУ;24-23-00-810-862;24-23-00;810-862;24-23-00;201;202;633
Срабатывание защиты от повышенной частоты, вызванное отказом генератора ВСУ или блока управления генератором ВСУ и наземным питанием;24-23-00-810-863;24-23-00;810-863;24-23-00;201;202;635
Срабатывание защиты от пониженной частоты, вызванное коротоким замыканием или обрывом в цепи вращающихся диодов генератора ВСУ;24-23-00-810-864;24-23-00;810-864;24-23-00;201;202;637
Срабатывание защиты от пониженной частоты, вызванное коротоким замыканием или обрывом в цепи вращающихся диодов генератора ВСУ;24-23-00-810-865;24-23-00;810-865;24-23-00;201;202;639
Срабатывание защиты от пониженной частоты, вызванное отказом генератора ВСУ, блока у правления генератором ВСУ и наземным питанием или сигнала готовности ВСУ;24-23-00-810-866;24-23-00;810-866;24-23-00;201;202;641
Срабатывание защиты от короткого замыкания в цепи вращающихся диодов, вызванное отказом в цепи обмотки возбуждения генератора ВСУ;24-23-00-810-867;24-23-00;810-867;24-23-00;201;202;643
Срабатывание защиты от короткого замыкания в цепи вращающихся диодов, вызванное отказом генератора ВСУ;24-23-00-810-868;24-23-00;810-868;24-23-00;201;202;645
Срабатывание дифференциальной защиты по току, вызванное отказом цепи определения тока генератора правого двигателя;24-23-00-810-869;24-23-00;810-869;24-23-00;201;202;647
Срабатывание дифференциальной защиты по току генератора правого двигателя, вызванное отказом блока трансформатора тока генератора;24-23-00-810-870;24-23-00;810-870;24-23-00;201;202;649
Срабатывание дифференциальной защиты по току генератора правого двигателя, вызванное отказом блока трансформатора тока;24-23-00-810-871;24-23-00;810-871;24-23-00;201;202;651
Срабатывание дифференциальной защиты по току, вызванное наличием КЗ генератора или фидера генератора ВСУ;24-23-00-810-872;24-23-00;810-872;24-23-00;201;202;653
Срабатывание защиты от превышения тока генератора ВСУ, вызванное отказом цепи контроля тока;24-23-00-810-873;24-23-00;810-873;24-23-00;201;202;655
Срабатывание защиты от превышения тока генератора ВСУ, вызванное отказом шины;24-23-00-810-874;24-23-00;810-874;24-23-00;201;202;657
Неправильный порядок чередования фаз генератора ВСУ;24-23-00-810-875;24-23-00;810-875;24-23-00;201;202;659
Срабатывание защиты от обрыва фаз генератора ВСУ, вызванное обрывом фазы A;24-23-00-810-876;24-23-00;810-876;24-23-00;201;202;661
Срабатывание защиты от обрыва фаз генератора ВСУ, вызванное обрывом фазы B;24-23-00-810-877;24-23-00;810-877;24-23-00;201;202;663
Срабатывание защиты от обрыва фаз генератора ВСУ, вызванное обрывом фазы C;24-23-00-810-878;24-23-00;810-878;24-23-00;201;202;665
Срабатывание защиты от повышенного напряжения источника наземного питания;24-23-00-810-879;24-23-00;810-879;24-23-00;201;202;667
Срабатывание защиты от повышенного напряжения источника наземного питания;24-23-00-810-880;24-23-00;810-880;24-23-00;201;202;669
Срабатывание защиты от повышенного напряжения генератора ВСУ, вызванное отказом цепи контроля напряжения;24-23-00-810-881;24-23-00;810-881;24-23-00;201;202;671
Срабатывание защиты от повышенного напряжения источника наземного питания;24-23-00-810-882;24-23-00;810-882;24-23-00;201;202;673
Срабатывание защиты от повышенного напряжения источника наземного питания, вызванное дисбалансом напряжений источника наземного питания;24-23-00-810-883;24-23-00;810-883;24-23-00;201;202;675
Срабатывание защиты от повышенного напряжения источника наземного питания, вызванное повышенным напряжением источника наземного питания;24-23-00-810-884;24-23-00;810-884;24-23-00;201;202;677
Срабатывание защиты от пониженного напряжения источника наземного питания;24-23-00-810-885;24-23-00;810-885;24-23-00;201;202;679
Срабатывание защиты от пониженного напряжения источника наземного питания;24-23-00-810-886;24-23-00;810-886;24-23-00;201;202;681
Срабатывание защиты от пониженного напряжения источника наземного питания;24-23-00-810-887;24-23-00;810-887;24-23-00;201;202;683
Срабатывание защиты от пониженного напряжения источника наземного питания, вызванное пониженным напряжением источника наземного питания;24-23-00-810-888;24-23-00;810-888;24-23-00;201;202;685
Срабатывание защиты от повышенной частоты источника наземного питания;24-23-00-810-889;24-23-00;810-889;24-23-00;201;202;687
Срабатывание защиты от повышенной частоты источника наземного питания;24-23-00-810-890;24-23-00;810-890;24-23-00;201;202;689
Срабатывание защиты от повышенной частоты источника наземного питания;24-23-00-810-891;24-23-00;810-891;24-23-00;201;202;691
Срабатывание защиты от повышенной частоты источника наземного питания, вызванное повышенной частотой источника наземного питания;24-23-00-810-892;24-23-00;810-892;24-23-00;201;202;693
Срабатывание защиты от пониженной частоты источника наземного питания;24-23-00-810-893;24-23-00;810-893;24-23-00;201;202;695
Срабатывание защиты от пониженной частоты источника наземного питания;24-23-00-810-894;24-23-00;810-894;24-23-00;201;202;697
Срабатывание защиты от пониженной частоты источника наземного питания;24-23-00-810-895;24-23-00;810-895;24-23-00;201;202;699
Срабатывание защиты от пониженной частоты источника наземного питания, вызванное пониженной частотой источника наземного питания;24-23-00-810-896;24-23-00;810-896;24-23-00;201;202;701
Отказ в цепи соединения контактов E и ШРАП наземного источника наземного питания;24-23-00-810-897;24-23-00;810-897;24-23-00;201;202;703
Отказ в цепи соединения контактов E и ШРАП наземного источника наземного питания;24-23-00-810-898;24-23-00;810-898;24-23-00;201;202;705
Срабатывание защиты от обрыва фаз источника наземного питания, вызванное обрывом фазы A;24-23-00-810-899;24-23-00;810-899;24-23-00;201;202;707
Срабатывание защиты от обрыва фаз источника наземного питания, вызванное обрывом фазы B;24-23-00-810-900;24-23-00;810-900;24-23-00;201;202;709
Срабатывание защиты от обрыва фаз источника наземного питания, вызванное обрывом фазы C;24-23-00-810-901;24-23-00;810-901;24-23-00;201;202;711
Срабатывание защиты от превышения тока источника наземного питания;24-23-00-810-902;24-23-00;810-902;24-23-00;201;202;713
Срабатывание защиты от превышения тока источника наземного питания;24-23-00-810-903;24-23-00;810-903;24-23-00;201;202;715
Срабатывание защиты от превышения тока источника наземного питания;24-23-00-810-904;24-23-00;810-904;24-23-00;201;202;717
Срабатывание защиты от превышения тока источника наземного питания, вызванное отказом цепи контроля тока;24-23-00-810-905;24-23-00;810-905;24-23-00;201;202;719
Срабатывание защиты от превышения тока источника наземного питания, вызванное КЗ фидера источника наземного питания;24-23-00-810-906;24-23-00;810-906;24-23-00;201;202;721
Неправильный порядок чередования фаз наземного источника питания;24-23-00-810-907;24-23-00;810-907;24-23-00;201;202;723
Неправильный порядок чередования фаз наземного источника питания;24-23-00-810-908;24-23-00;810-908;24-23-00;201;202;725
Неправильный порядок чередования фаз наземного источника питания;24-23-00-810-909;24-23-00;810-909;24-23-00;201;202;727
Неправильный порядок чередования фаз наземного источника питания, вызванное отказом фидера;24-23-00-810-910;24-23-00;810-910;24-23-00;201;202;729
Превышение тока цепи управления контактором K41/K42;24-23-00-810-911;24-23-00;810-911;24-23-00;201;202;731
Превышение тока цепи управления контактором K43/K44;24-23-00-810-912;24-23-00;810-912;24-23-00;201;202;733
"""Холодный старт"" блока управления генератором ВСУ и наземным питанием после прерывания питания блока";24-23-00-810-913;24-23-00;810-913;24-23-00;201;202;735
Неисправность внутренней цепи блока управления генератором ВСУ и наземным питанием (цепь определения состояния сигнального контакта контактора К1);24-23-00-810-914;24-23-00;810-914;24-23-00;201;202;737
Неисправность внутренней цепи блока управления генератором ВСУ и наземным питанием (цепь определения состояния сигнального контакта контактора К41);24-23-00-810-915;24-23-00;810-915;24-23-00;201;202;739
Неисправность внутренней цепи блока управления генератором ВСУ и наземным питанием (цепь определения состояния сигнального контакта контактора К42);24-23-00-810-916;24-23-00;810-916;24-23-00;201;202;741
Неисправность внутренней цепи блока управления генератором ВСУ и наземным питанием (цепь определения состояния сигнального контакта контактора К2);24-23-00-810-917;24-23-00;810-917;24-23-00;201;202;743
Неисправность внутренней цепи блока управления генератором ВСУ и наземным питанием (цепь определения состояния сигнального контакта контактора К31);24-23-00-810-918;24-23-00;810-918;24-23-00;201;202;745
Неисправность внутренней цепи блока управления генератором ВСУ и наземным питанием (цепь определения состояния сигнального контакта контактора К32);24-23-00-810-919;24-23-00;810-919;24-23-00;201;202;747
Неисправность внутренней цепи блока управления генератором ВСУ и наземным питанием (цепь определения состояния сигнального контакта контактора К43);24-23-00-810-920;24-23-00;810-920;24-23-00;201;202;749
Неисправность внутренней цепи блока управления генератором ВСУ и наземным питанием (цепь определения состояния сигнального контакта контактора К44);24-23-00-810-921;24-23-00;810-921;24-23-00;201;202;751
Неисправность внутренней цепи блока управления генератором ВСУ и наземным питанием (цепь определения состояния кнопки- табло EXT PWR пульта наземного обслуживания);24-23-00-810-922;24-23-00;810-922;24-23-00;201;202;753
Неисправность внутренней цепи блока управления генератором ВСУ и наземным питанием (цепь определения состояния кнопки- табло APU GEN положения OFF);24-23-00-810-923;24-23-00;810-923;24-23-00;201;202;755
Неисправность внутренней цепи блока управления генератором ВСУ и наземным питанием (цепь определения состояния кнопки- табло APU GEN положения ON);24-23-00-810-924;24-23-00;810-924;24-23-00;201;202;757
Неисправность внутренней цепи блока управления генератором ВСУ и наземным питанием (цепь определения состояния сигнала готовности ВСУ);24-23-00-810-925;24-23-00;810-925;24-23-00;201;202;759
Неисправность внутренней цепи блока управления генератором ВСУ и наземным питанием (цепи определения состояния кнопки- табло EXT PWR пульта управления системой электроснабжения);24-23-00-810-926;24-23-00;810-926;24-23-00;201;202;761
Неисправность внутренней цепи блока управления генератором ВСУ и наземным питанием (цепи определения состояния сигнала шасси обжато);24-23-00-810-927;24-23-00;810-927;24-23-00;201;202;763
Отказ при определении состояния кнопки-табло GEN APU с неподключением генератора к шине;24-23-00-810-928;24-23-00;810-928;24-23-00;201;202;765
Отсутствуют данные на блоке концентраторе данных 1 и 2 от блока управления генератором ВСУ и наземным питанием;24-23-00-810-929;24-23-00;810-929;24-23-00;201;202;767
Отсутствуют данные на блоке концентраторе данных 1 от блока управления генератором ВСУ и наземным питание;24-23-00-810-930;24-23-00;810-930;24-23-00;201;202;769
Отсутствуют данные на блоке концентраторе данных 2 от блока управления генератором ВСУ и наземным питанием;24-23-00-810-931;24-23-00;810-931;24-23-00;201;202;771
Отказ генератора ВСУ;24-23-00-810-932;24-23-00;810-932;24-23-00;201;202;773
Неисправность обогрева ветродвигателя;24-24-00-810-801;24-24-00;810-801;24-24-00;201;202;775
Неисправность блока управления ветродвигателем;24-24-00-810-802;24-24-00;810-802;24-24-00;201;202;777
Неисправность левого контактора подключения генератора ветродвигателя K5;24-24-00-810-803;24-24-00;810-803;24-24-00;201;202;779
Неисправность правого контактора подключения генератора ветродвигателя K6;24-24-00-810-804;24-24-00;810-804;24-24-00;201;202;781
Неисправность левого контактора подключения генератора ветродвигателя K9;24-24-00-810-805;24-24-00;810-805;24-24-00;201;202;783
Неисправность правого контактора подключения генератора ветродвигателя K10;24-24-00-810-806;24-24-00;810-806;24-24-00;201;202;785
Неисправность в цепи управления подключением генератора ветродвигателя;24-24-00-810-807;24-24-00;810-807;24-24-00;201;204;787
Ошибка сигнала выпуска ветродвигателя;24-24-00-810-808;24-24-00;810-808;24-24-00;201;202;791
Неисправность статического преобразователя;24-25-00-810-801;24-25-00;810-801;24-25-00;201;202;793
Отказ выпрямительного устройства 1;24-31-00-810-801;24-31-00;810-801;24-31-00;201;202;795
Отказ выпрямительного устройства 2;24-31-00-810-802;24-31-00;810-802;24-31-00;201;202;797
Отказ выпрямительного устройства 3;24-31-00-810-803;24-31-00;810-803;24-31-00;201;202;799
Перегрев аккумуляторной батареи 1;24-32-00-810-801;24-32-00;810-801;24-32-00;201;202;801
Перегрев аккумуляторной батареи 2;24-32-00-810-802;24-32-00;810-802;24-32-00;201;202;803
Перегрев аккумуляторной батареи 3;24-32-00-810-803;24-32-00;810-803;24-32-00;201;202;805
Перегрев аккумуляторной батареи 4;24-32-00-810-804;24-32-00;810-804;24-32-00;201;202;807
Аккумуляторная батарея 1 не включилась от кнопки-табло BAT 1 на пульте ELEC;24-32-00-810-805;24-32-00;810-805;24-32-00;201;202;809
Отсутствует информация о токе аккумуляторной батареи 1;24-32-00-810-813;24-32-00;810-813;24-32-00;201;202;811
Отсутствует информация о напряжении аккумуляторной батареи 1;24-32-00-810-814;24-32-00;810-814;24-32-00;201;202;813
Напряжение аккумуляторной батареи 1 не в допустимом диапазоне;24-32-00-810-815;24-32-00;810-815;24-32-00;201;202;815
Аккумуляторная батарея 1 разряжается;24-32-00-810-816;24-32-00;810-816;24-32-00;201;202;817
Отсутствует информация о токе аккумуляторной батареи 2;24-32-00-810-818;24-32-00;810-818;24-32-00;201;202;819
Отсутствует информация о напряжении аккумуляторной батареи 2;24-32-00-810-819;24-32-00;810-819;24-32-00;201;202;821
Отсутствует информация о напряжении аккумуляторной батареи 2;24-32-00-810-820;24-32-00;810-820;24-32-00;201;202;823
Напряжение аккумуляторной батареи 2 не в допустимом диапазоне;24-32-00-810-821;24-32-00;810-821;24-32-00;201;202;825
Аккумуляторная батарея 2 разряжается;24-32-00-810-822;24-32-00;810-822;24-32-00;201;202;827
Отсутствует информация о токе аккумуляторной батареи 3;24-32-00-810-823;24-32-00;810-823;24-32-00;201;202;829
Отсутствует информация о напряжении аккумуляторной батареи 3;24-32-00-810-824;24-32-00;810-824;24-32-00;201;202;831
Напряжение аккумуляторной батареи 3 не в допустимом диапазоне;24-32-00-810-825;24-32-00;810-825;24-32-00;201;202;833
Напряжение аккумуляторной батареи 3 не в допустимом диапазоне;24-32-00-810-826;24-32-00;810-826;24-32-00;201;202;835
Аккумуляторная батарея 3 разряжается;24-32-00-810-827;24-32-00;810-827;24-32-00;201;202;837
Отсутствует информация о токе аккумуляторной батареи 4;24-32-00-810-828;24-32-00;810-828;24-32-00;201;202;839
Отсутствует информация о напряжении аккумуляторной батареи 4;24-32-00-810-829;24-32-00;810-829;24-32-00;201;202;841
Напряжение аккумуляторной батареи 4 не в допустимом диапазоне;24-32-00-810-830;24-32-00;810-830;24-32-00;201;202;843
Напряжение аккумуляторной батареи 4 не в допустимом диапазоне;24-32-00-810-831;24-32-00;810-831;24-32-00;201;202;845
Аккумуляторная батарея 4 разряжается;24-32-00-810-832;24-32-00;810-832;24-32-00;201;202;847
Две или более аккумуляторных батарей разряжаются;24-32-00-810-833;24-32-00;810-833;24-32-00;201;202;849
Неисправность подключения наземного источника питания;24-41-00-810-801;24-41-00;810-801;24-41-00;201;202;851
Отсутствует информация о напряжении на левой шине постоянного тока;24-61-00-810-805;24-61-00;810-805;24-61-00;201;202;853
Отсутствует информация о напряжении на правой шине постоянного тока;24-61-00-810-806;24-61-00;810-806;24-61-00;201;202;855
Напряжение на левой шине постоянного тока не в допустимом диапазоне;24-61-00-810-807;24-61-00;810-807;24-61-00;201;202;857
Напряжение на правой шине постоянного тока не в допустимом диапазоне;24-61-00-810-808;24-61-00;810-808;24-61-00;201;202;859
Отказ канала блока выключателей-предохранителей 1;24-61-00-810-809;24-61-00;810-809;24-61-00;201;204;861
Отказ канала блока выключателей-предохранителей 2;24-61-00-810-810;24-61-00;810-810;24-61-00;201;204;865
Отказ канала блока выключателей-предохранителей 3;24-61-00-810-811;24-61-00;810-811;24-61-00;201;204;869
Отказ канала блока выключателей-предохранителей 4;24-61-00-810-812;24-61-00;810-812;24-61-00;201;204;873
Отказ канала блока выключателей-предохранителей 5;24-61-00-810-813;24-61-00;810-813;24-61-00;201;204;877
Отказ канала блока выключателей-предохранителей 6;24-61-00-810-814;24-61-00;810-814;24-61-00;201;204;881
Отказ канала блока выключателей-предохранителей 7;24-61-00-810-815;24-61-00;810-815;24-61-00;201;204;885
Отказ канала блока выключателей-предохранителей 8;24-61-00-810-816;24-61-00;810-816;24-61-00;201;204;889
Отказ канала блока выключателей-предохранителей 9;24-61-00-810-817;24-61-00;810-817;24-61-00;201;204;893
Отказ канала блока выключателей-предохранителей 10;24-61-00-810-818;24-61-00;810-818;24-61-00;201;204;897
Отказ канала блока выключателей-предохранителей 11;24-61-00-810-819;24-61-00;810-819;24-61-00;201;204;901
Отказ канала блока выключателей-предохранителей 12;24-61-00-810-820;24-61-00;810-820;24-61-00;201;204;905
Отказ пульта управления электрическими нагрузками;24-61-00-810-821;24-61-00;810-821;24-61-00;201;202;909
Левая основная шина постоянного тока не запитана;24-61-00-810-823;24-61-00;810-823;24-61-00;201;202;911
Правая основная шина постоянного тока не запитана;24-61-00-810-824;24-61-00;810-824;24-61-00;201;202;913
