Номер подработы;Обозначение;Фраза;Номер работы;Название;Результат;Условие выполнения
24-00-00-810-801-4;4;Выполните работы по подтверждению неисправности;24-00-00-810-801;Подтверждение неисправности;;
24-00-00-810-801-5;5;Выполните работы по поиску и устранению неисправности;24-00-00-810-801;Поиск и устранение неисправности:;;
24-00-00-810-801-6;6;Выполните работы по подтверждению устранения неисправности;24-00-00-810-801;Подтверждение устранения неисправности;;
24-20-00-810-801-4;4;Выполните работы по подтверждению неисправности;24-20-00-810-801;Подтверждение неисправности;;
24-20-00-810-801-5;5;Выполните работы по поиску и устранению неисправности;24-20-00-810-801;Поиск и устранение неисправности:;;
24-20-00-810-801-6;6;Выполните работы по подтверждению устранения неисправности;24-20-00-810-801;Подтверждение устранения неисправности;;
24-20-00-810-802-4;4;Выполните работы по подтверждению неисправности;24-20-00-810-802;Подтверждение неисправности;;
24-20-00-810-802-5;5;Выполните работы по поиску и устранению неисправности;24-20-00-810-802;Поиск и устранение неисправности:;;
24-20-00-810-802-6;6;Выполните работы по подтверждению устранения неисправности;24-20-00-810-802;Подтверждение устранения неисправности;;
24-20-00-810-803-4;4;Выполните работы по подтверждению неисправности;24-20-00-810-803;Подтверждение неисправности;;
24-20-00-810-803-5;5;Выполните работы по поиску и устранению неисправности;24-20-00-810-803;Поиск и устранение неисправности:;;
24-20-00-810-803-6;6;Выполните работы по подтверждению устранения неисправности;24-20-00-810-803;Подтверждение устранения неисправности;;
24-20-00-810-804-4;4;Выполните работы по подтверждению неисправности;24-20-00-810-804;Подтверждение неисправности;;
24-20-00-810-804-5;5;Выполните работы по поиску и устранению неисправности;24-20-00-810-804;Поиск и устранение неисправности:;;
24-20-00-810-804-6;6;Выполните работы по подтверждению устранения неисправности;24-20-00-810-804;Подтверждение устранения неисправности;;
24-20-00-810-805-4;4;Выполните работы по подтверждению неисправности;24-20-00-810-805;Подтверждение неисправности;;
24-20-00-810-805-5;5;Выполните работы по поиску и устранению неисправности;24-20-00-810-805;Поиск и устранение неисправности:;;
24-20-00-810-805-6;6;Выполните работы по подтверждению устранения неисправности;24-20-00-810-805;Подтверждение устранения неисправности;;
24-20-00-810-806-4;4;Выполните работы по подтверждению неисправности;24-20-00-810-806;Подтверждение неисправности;;
24-20-00-810-806-5;5;Выполните работы по поиску и устранению неисправности;24-20-00-810-806;Поиск и устранение неисправности:;;
24-20-00-810-806-6;6;Выполните работы по подтверждению устранения неисправности;24-20-00-810-806;Подтверждение устранения неисправности;;
24-20-00-810-807-4;4;Выполните работы по подтверждению неисправности;24-20-00-810-807;Подтверждение неисправности;;
24-20-00-810-807-5;5;Выполните работы по поиску и устранению неисправности;24-20-00-810-807;Поиск и устранение неисправности:;;
24-20-00-810-807-6;6;Выполните работы по подтверждению устранения неисправности;24-20-00-810-807;Подтверждение устранения неисправности;;
24-20-00-810-808-4;4;Выполните работы по подтверждению неисправности;24-20-00-810-808;Подтверждение неисправности;;
24-20-00-810-808-5;5;Выполните работы по поиску и устранению неисправности;24-20-00-810-808;Поиск и устранение неисправности:;;
24-20-00-810-808-6;6;Выполните работы по подтверждению устранения неисправности;24-20-00-810-808;Подтверждение устранения неисправности;;
24-20-00-810-809-4;4;Выполните работы по подтверждению неисправности;24-20-00-810-809;Подтверждение неисправности;;
24-20-00-810-809-5;5;Выполните работы по поиску и устранению неисправности;24-20-00-810-809;Поиск и устранение неисправности:;;
24-20-00-810-809-6;6;Выполните работы по подтверждению устранения неисправности;24-20-00-810-809;Подтверждение устранения неисправности;;
24-20-00-810-810-4;4;Выполните работы по подтверждению неисправности;24-20-00-810-810;Подтверждение неисправности;;
24-20-00-810-810-5;5;Выполните работы по поиску и устранению неисправности;24-20-00-810-810;Поиск и устранение неисправности:;;
24-20-00-810-810-6;6;Выполните работы по подтверждению устранения неисправности;24-20-00-810-810;Подтверждение устранения неисправности;;
24-20-00-810-811-4;4;Выполните работы по подтверждению неисправности;24-20-00-810-811;Подтверждение неисправности;;
24-20-00-810-811-5;5;Выполните работы по поиску и устранению неисправности;24-20-00-810-811;Поиск и устранение неисправности:;;
24-20-00-810-811-6;6;Выполните работы по подтверждению устранения неисправности;24-20-00-810-811;Подтверждение устранения неисправности;;
24-20-00-810-812-4;4;Выполните работы по подтверждению неисправности;24-20-00-810-812;Подтверждение неисправности;;
24-20-00-810-812-5;5;Выполните работы по поиску и устранению неисправности;24-20-00-810-812;Поиск и устранение неисправности:;;
24-20-00-810-812-6;6;Выполните работы по подтверждению устранения неисправности;24-20-00-810-812;Подтверждение устранения неисправности;;
24-20-00-810-813-4;4;Выполните работы по подтверждению неисправности;24-20-00-810-813;Подтверждение неисправности;;
24-20-00-810-813-5;5;Выполните работы по поиску и устранению неисправности;24-20-00-810-813;Поиск и устранение неисправности:;;
24-20-00-810-813-6;6;Выполните работы по подтверждению устранения неисправности;24-20-00-810-813;Подтверждение устранения неисправности;;
24-20-00-810-814-4;4;Выполните работы по подтверждению неисправности;24-20-00-810-814;Подтверждение неисправности;;
24-20-00-810-814-5;5;Выполните работы по поиску и устранению неисправности;24-20-00-810-814;Поиск и устранение неисправности:;;
24-20-00-810-814-6;6;Выполните работы по подтверждению устранения неисправности;24-20-00-810-814;Подтверждение устранения неисправности;;
24-20-00-810-816-4;4;Выполните работы по подтверждению неисправности;24-20-00-810-816;Подтверждение неисправности;;
24-20-00-810-816-5;5;Выполните работы по поиску и устранению неисправности;24-20-00-810-816;Поиск и устранение неисправности:;;
24-20-00-810-816-6;6;Выполните работы по подтверждению устранения неисправности;24-20-00-810-816;Подтверждение устранения неисправности;;
24-20-00-810-817-4;4;Выполните работы по подтверждению неисправности;24-20-00-810-817;Подтверждение неисправности;;
24-20-00-810-817-5;5;Выполните работы по поиску и устранению неисправности;24-20-00-810-817;Поиск и устранение неисправности:;;
24-20-00-810-817-6;6;Выполните работы по подтверждению устранения неисправности;24-20-00-810-817;Подтверждение устранения неисправности;;
24-20-00-810-818-4;4;Выполните работы по подтверждению неисправности;24-20-00-810-818;Подтверждение неисправности;;
24-20-00-810-818-5;5;Выполните работы по поиску и устранению неисправности;24-20-00-810-818;Поиск и устранение неисправности:;;
24-20-00-810-818-6;6;Выполните работы по подтверждению устранения неисправности;24-20-00-810-818;Подтверждение устранения неисправности;;
24-20-00-810-820-4;4;Выполните работы по подтверждению неисправности;24-20-00-810-820;Подтверждение неисправности;;
24-20-00-810-820-5;5;Выполните работы по поиску и устранению неисправности;24-20-00-810-820;Поиск и устранение неисправности:;;
24-20-00-810-820-6;6;Выполните работы по подтверждению устранения неисправности;24-20-00-810-820;Подтверждение устранения неисправности;;
24-20-00-810-821-4;4;Выполните работы по подтверждению неисправности;24-20-00-810-821;Подтверждение неисправности;;
24-20-00-810-821-5;5;Выполните работы по поиску и устранению неисправности;24-20-00-810-821;Поиск и устранение неисправности:;;
24-20-00-810-821-6;6;Выполните работы по подтверждению устранения неисправности;24-20-00-810-821;Подтверждение устранения неисправности;;
24-20-00-810-822-4;4;Выполните работы по подтверждению неисправности;24-20-00-810-822;Подтверждение неисправности;;
24-20-00-810-822-5;5;Выполните работы по поиску и устранению неисправности;24-20-00-810-822;Поиск и устранение неисправности:;;
24-20-00-810-822-6;6;Выполните работы по подтверждению устранения неисправности;24-20-00-810-822;Подтверждение устранения неисправности;;
24-20-00-810-823-4;4;Выполните работы по подтверждению неисправности;24-20-00-810-823;Подтверждение неисправности;;
24-20-00-810-823-5;5;Выполните работы по поиску и устранению неисправности;24-20-00-810-823;Поиск и устранение неисправности:;;
24-20-00-810-823-6;6;Выполните работы по подтверждению устранения неисправности;24-20-00-810-823;Подтверждение устранения неисправности;;
24-20-00-810-824-4;4;Выполните работы по подтверждению неисправности;24-20-00-810-824;Подтверждение неисправности;;
24-20-00-810-824-5;5;Выполните работы по поиску и устранению неисправности;24-20-00-810-824;Поиск и устранение неисправности:;;
24-20-00-810-824-6;6;Выполните работы по подтверждению устранения неисправности;24-20-00-810-824;Подтверждение устранения неисправности;;
24-20-00-810-825-4;4;Выполните работы по подтверждению неисправности;24-20-00-810-825;Подтверждение неисправности;;
24-20-00-810-825-5;5;Выполните работы по поиску и устранению неисправности;24-20-00-810-825;Поиск и устранение неисправности:;;
24-20-00-810-825-6;6;Выполните работы по подтверждению устранения неисправности;24-20-00-810-825;Подтверждение устранения неисправности;;
24-20-00-810-826-4;4;Выполните работы по подтверждению неисправности;24-20-00-810-826;Подтверждение неисправности;;
24-20-00-810-826-5;5;Выполните работы по поиску и устранению неисправности;24-20-00-810-826;Поиск и устранение неисправности:;;
24-20-00-810-826-6;6;Выполните работы по подтверждению устранения неисправности;24-20-00-810-826;Подтверждение устранения неисправности;;
24-20-00-810-828-4;4;Выполните работы по подтверждению неисправности;24-20-00-810-828;Подтверждение неисправности;;
24-20-00-810-828-5;5;Выполните работы по поиску и устранению неисправности;24-20-00-810-828;Поиск и устранение неисправности:;;
24-20-00-810-828-6;6;Выполните работы по подтверждению устранения неисправности;24-20-00-810-828;Подтверждение устранения неисправности;;
24-20-00-810-829-4;4;Выполните работы по подтверждению неисправности;24-20-00-810-829;Подтверждение неисправности;;
24-20-00-810-829-5;5;Выполните работы по поиску и устранению неисправности;24-20-00-810-829;Поиск и устранение неисправности:;;
24-20-00-810-829-6;6;Выполните работы по подтверждению устранения неисправности;24-20-00-810-829;Подтверждение устранения неисправности;;
24-20-00-810-830-4;4;Выполните работы по подтверждению неисправности;24-20-00-810-830;Подтверждение неисправности;;
24-20-00-810-830-5;5;Выполните работы по поиску и устранению неисправности;24-20-00-810-830;Поиск и устранение неисправности:;;
24-20-00-810-830-6;6;Выполните работы по подтверждению устранения неисправности;24-20-00-810-830;Подтверждение устранения неисправности;;
24-20-00-810-831-4;4;Выполните работы по подтверждению неисправности;24-20-00-810-831;Подтверждение неисправности;;
24-20-00-810-831-5;5;Выполните работы по поиску и устранению неисправности;24-20-00-810-831;Поиск и устранение неисправности:;;
24-20-00-810-831-6;6;Выполните работы по подтверждению устранения неисправности;24-20-00-810-831;Подтверждение устранения неисправности;;
24-20-00-810-832-4;4;Выполните работы по подтверждению неисправности;24-20-00-810-832;Подтверждение неисправности;;
24-20-00-810-832-5;5;Выполните работы по поиску и устранению неисправности;24-20-00-810-832;Поиск и устранение неисправности:;;
24-20-00-810-832-6;6;Выполните работы по подтверждению устранения неисправности;24-20-00-810-832;Подтверждение устранения неисправности;;
24-20-00-810-833-4;4;Выполните работы по подтверждению неисправности;24-20-00-810-833;Подтверждение неисправности;;
24-20-00-810-833-5;5;Выполните работы по поиску и устранению неисправности;24-20-00-810-833;Поиск и устранение неисправности:;;
24-20-00-810-833-6;6;Выполните работы по подтверждению устранения неисправности;24-20-00-810-833;Подтверждение устранения неисправности;;
24-20-00-810-834-4;4;Выполните работы по подтверждению неисправности;24-20-00-810-834;Подтверждение неисправности;;
24-20-00-810-834-5;5;Выполните работы по поиску и устранению неисправности;24-20-00-810-834;Поиск и устранение неисправности:;;
24-20-00-810-834-6;6;Выполните работы по подтверждению устранения неисправности;24-20-00-810-834;Подтверждение устранения неисправности;;
24-20-00-810-835-4;4;Выполните работы по подтверждению неисправности;24-20-00-810-835;Подтверждение неисправности;;
24-20-00-810-835-5;5;Выполните работы по поиску и устранению неисправности;24-20-00-810-835;Поиск и устранение неисправности:;;
24-20-00-810-835-6;6;Выполните работы по подтверждению устранения неисправности;24-20-00-810-835;Подтверждение устранения неисправности;;
24-20-00-810-836-4;4;Выполните работы по подтверждению неисправности;24-20-00-810-836;Подтверждение неисправности;;
24-20-00-810-836-5;5;Выполните работы по поиску и устранению неисправности;24-20-00-810-836;Поиск и устранение неисправности:;;
24-20-00-810-836-6;6;Выполните работы по подтверждению устранения неисправности;24-20-00-810-836;Подтверждение устранения неисправности;;
24-20-00-810-837-4;4;Выполните работы по подтверждению неисправности;24-20-00-810-837;Подтверждение неисправности;;
24-20-00-810-837-5;5;Выполните работы по поиску и устранению неисправности;24-20-00-810-837;Поиск и устранение неисправности:;;
24-20-00-810-837-6;6;Выполните работы по подтверждению устранения неисправности;24-20-00-810-837;Подтверждение устранения неисправности;;
24-20-00-810-838-4;4;Выполните работы по подтверждению неисправности;24-20-00-810-838;Подтверждение неисправности;;
24-20-00-810-838-5;5;Выполните работы по поиску и устранению неисправности;24-20-00-810-838;Поиск и устранение неисправности:;;
24-20-00-810-838-6;6;Выполните работы по подтверждению устранения неисправности;24-20-00-810-838;Подтверждение устранения неисправности;;
24-20-00-810-839-4;4;Выполните работы по подтверждению неисправности;24-20-00-810-839;Подтверждение неисправности;;
24-20-00-810-839-5;5;Выполните работы по поиску и устранению неисправности;24-20-00-810-839;Поиск и устранение неисправности:;;
24-20-00-810-839-6;6;Выполните работы по подтверждению устранения неисправности;24-20-00-810-839;Подтверждение устранения неисправности;;
24-20-00-810-840-4;4;Выполните работы по подтверждению неисправности;24-20-00-810-840;Подтверждение неисправности;;
24-20-00-810-840-5;5;Выполните работы по поиску и устранению неисправности;24-20-00-810-840;Поиск и устранение неисправности:;;
24-20-00-810-840-6;6;Выполните работы по подтверждению устранения неисправности;24-20-00-810-840;Подтверждение устранения неисправности;;
24-20-00-810-841-4;4;Выполните работы по подтверждению неисправности;24-20-00-810-841;Подтверждение неисправности;;
24-20-00-810-841-5;5;Выполните работы по поиску и устранению неисправности;24-20-00-810-841;Поиск и устранение неисправности:;;
24-20-00-810-841-6;6;Выполните работы по подтверждению устранения неисправности;24-20-00-810-841;Подтверждение устранения неисправности;;
24-20-00-810-842-4;4;Выполните работы по подтверждению неисправности;24-20-00-810-842;Подтверждение неисправности;;
24-20-00-810-842-5;5;Выполните работы по поиску и устранению неисправности;24-20-00-810-842;Поиск и устранение неисправности:;;
24-20-00-810-842-6;6;Выполните работы по подтверждению устранения неисправности;24-20-00-810-842;Подтверждение устранения неисправности;;
24-20-00-810-843-4;4;Выполните работы по подтверждению неисправности;24-20-00-810-843;Подтверждение неисправности;;
24-20-00-810-843-5;5;Выполните работы по поиску и устранению неисправности;24-20-00-810-843;Поиск и устранение неисправности:;;
24-20-00-810-843-6;6;Выполните работы по подтверждению устранения неисправности;24-20-00-810-843;Подтверждение устранения неисправности;;
24-20-00-810-844-4;4;Выполните работы по подтверждению неисправности;24-20-00-810-844;Подтверждение неисправности;;
24-20-00-810-844-5;5;Выполните работы по поиску и устранению неисправности;24-20-00-810-844;Поиск и устранение неисправности:;;
24-20-00-810-844-6;6;Выполните работы по подтверждению устранения неисправности;24-20-00-810-844;Подтверждение устранения неисправности;;
24-20-00-810-845-4;4;Выполните работы по подтверждению неисправности;24-20-00-810-845;Подтверждение неисправности;;
24-20-00-810-845-5;5;Выполните работы по поиску и устранению неисправности;24-20-00-810-845;Поиск и устранение неисправности:;;
24-20-00-810-845-6;6;Выполните работы по подтверждению устранения неисправности;24-20-00-810-845;Подтверждение устранения неисправности;;
24-20-00-810-846-4;4;Выполните работы по подтверждению неисправности;24-20-00-810-846;Подтверждение неисправности;;
24-20-00-810-846-5;5;Выполните работы по поиску и устранению неисправности;24-20-00-810-846;Поиск и устранение неисправности:;;
24-20-00-810-846-6;6;Выполните работы по подтверждению устранения неисправности;24-20-00-810-846;Подтверждение устранения неисправности;;
24-20-00-810-847-4;4;Выполните работы по подтверждению неисправности;24-20-00-810-847;Подтверждение неисправности;;
24-20-00-810-847-5;5;Выполните работы по поиску и устранению неисправности;24-20-00-810-847;Поиск и устранение неисправности:;;
24-20-00-810-847-6;6;Выполните работы по подтверждению устранения неисправности;24-20-00-810-847;Подтверждение устранения неисправности;;
24-20-00-810-848-4;4;Выполните работы по подтверждению неисправности;24-20-00-810-848;Подтверждение неисправности;;
24-20-00-810-848-5;5;Выполните работы по поиску и устранению неисправности;24-20-00-810-848;Поиск и устранение неисправности:;;
24-20-00-810-848-6;6;Выполните работы по подтверждению устранения неисправности;24-20-00-810-848;Подтверждение устранения неисправности;;
24-20-00-810-849-4;4;Выполните работы по подтверждению неисправности;24-20-00-810-849;Подтверждение неисправности;;
24-20-00-810-849-5;5;Выполните работы по поиску и устранению неисправности;24-20-00-810-849;Поиск и устранение неисправности:;;
24-20-00-810-849-6;6;Выполните работы по подтверждению устранения неисправности;24-20-00-810-849;Подтверждение устранения неисправности;;
24-20-00-810-850-4;4;Выполните работы по подтверждению неисправности;24-20-00-810-850;Подтверждение неисправности;;
24-20-00-810-850-5;5;Выполните работы по поиску и устранению неисправности;24-20-00-810-850;Поиск и устранение неисправности:;;
24-20-00-810-850-6;6;Выполните работы по подтверждению устранения неисправности;24-20-00-810-850;Подтверждение устранения неисправности;;
24-20-00-810-851-4;4;Выполните работы по подтверждению неисправности;24-20-00-810-851;Подтверждение неисправности;;
24-20-00-810-851-5;5;Выполните работы по поиску и устранению неисправности;24-20-00-810-851;Поиск и устранение неисправности:;;
24-20-00-810-851-6;6;Выполните работы по подтверждению устранения неисправности;24-20-00-810-851;Подтверждение устранения неисправности;;
24-20-00-810-852-4;4;Выполните работы по подтверждению неисправности;24-20-00-810-852;Подтверждение неисправности;;
24-20-00-810-852-5;5;Выполните работы по поиску и устранению неисправности;24-20-00-810-852;Поиск и устранение неисправности:;;
24-20-00-810-852-6;6;Выполните работы по подтверждению устранения неисправности;24-20-00-810-852;Подтверждение устранения неисправности;;
24-20-00-810-853-4;4;Выполните работы по подтверждению неисправности;24-20-00-810-853;Подтверждение неисправности;;
24-20-00-810-853-5;5;Выполните работы по поиску и устранению неисправности;24-20-00-810-853;Поиск и устранение неисправности:;;
24-20-00-810-853-6;6;Выполните работы по подтверждению устранения неисправности;24-20-00-810-853;Подтверждение устранения неисправности;;
24-20-00-810-854-4;4;Выполните работы по подтверждению неисправности;24-20-00-810-854;Подтверждение неисправности;;
24-20-00-810-854-5;5;Выполните работы по поиску и устранению неисправности;24-20-00-810-854;Поиск и устранение неисправности:;;
24-20-00-810-854-6;6;Выполните работы по подтверждению устранения неисправности;24-20-00-810-854;Подтверждение устранения неисправности;;
24-20-00-810-855-4;4;Выполните работы по подтверждению неисправности;24-20-00-810-855;Подтверждение неисправности;;
24-20-00-810-855-5;5;Выполните работы по поиску и устранению неисправности;24-20-00-810-855;Поиск и устранение неисправности:;;
24-20-00-810-855-6;6;Выполните работы по подтверждению устранения неисправности;24-20-00-810-855;Подтверждение устранения неисправности;;
24-20-00-810-856-4;4;Выполните работы по подтверждению неисправности;24-20-00-810-856;Подтверждение неисправности;;
24-20-00-810-856-5;5;Выполните работы по поиску и устранению неисправности;24-20-00-810-856;Поиск и устранение неисправности:;;
24-20-00-810-856-6;6;Выполните работы по подтверждению устранения неисправности;24-20-00-810-856;Подтверждение устранения неисправности;;
24-20-00-810-857-4;4;Выполните работы по подтверждению неисправности;24-20-00-810-857;Подтверждение неисправности;;
24-20-00-810-857-5;5;Выполните работы по поиску и устранению неисправности;24-20-00-810-857;Поиск и устранение неисправности:;;
24-20-00-810-857-6;6;Выполните работы по подтверждению устранения неисправности;24-20-00-810-857;Подтверждение устранения неисправности;;
24-20-00-810-858-4;4;Выполните работы по подтверждению неисправности;24-20-00-810-858;Подтверждение неисправности;;
24-20-00-810-858-5;5;Выполните работы по поиску и устранению неисправности;24-20-00-810-858;Поиск и устранение неисправности:;;
24-20-00-810-858-6;6;Выполните работы по подтверждению устранения неисправности;24-20-00-810-858;Подтверждение устранения неисправности;;
24-20-00-810-859-4;4;Выполните работы по подтверждению неисправности;24-20-00-810-859;Подтверждение неисправности;;
24-20-00-810-859-5;5;Выполните работы по поиску и устранению неисправности;24-20-00-810-859;Поиск и устранение неисправности:;;
24-20-00-810-859-6;6;Выполните работы по подтверждению устранения неисправности;24-20-00-810-859;Подтверждение устранения неисправности;;
24-20-00-810-860-4;4;Выполните работы по подтверждению неисправности;24-20-00-810-860;Подтверждение неисправности;;
24-20-00-810-860-5;5;Выполните работы по поиску и устранению неисправности;24-20-00-810-860;Поиск и устранение неисправности:;;
24-20-00-810-860-6;6;Выполните работы по подтверждению устранения неисправности;24-20-00-810-860;Подтверждение устранения неисправности;;
24-20-00-810-861-4;4;Выполните работы по подтверждению неисправности;24-20-00-810-861;Подтверждение неисправности;;
24-20-00-810-861-5;5;Выполните работы по поиску и устранению неисправности;24-20-00-810-861;Поиск и устранение неисправности:;;
24-20-00-810-861-6;6;Выполните работы по подтверждению устранения неисправности;24-20-00-810-861;Подтверждение устранения неисправности;;
24-20-00-810-862-4;4;Выполните работы по подтверждению неисправности;24-20-00-810-862;Подтверждение неисправности;;
24-20-00-810-862-5;5;Выполните работы по поиску и устранению неисправности;24-20-00-810-862;Поиск и устранение неисправности:;;
24-20-00-810-862-6;6;Выполните работы по подтверждению устранения неисправности;24-20-00-810-862;Подтверждение устранения неисправности;;
24-20-00-810-863-4;4;Выполните работы по подтверждению неисправности;24-20-00-810-863;Подтверждение неисправности;;
24-20-00-810-863-5;5;Выполните работы по поиску и устранению неисправности;24-20-00-810-863;Поиск и устранение неисправности:;;
24-20-00-810-863-6;6;Выполните работы по подтверждению устранения неисправности;24-20-00-810-863;Подтверждение устранения неисправности;;
24-20-00-810-864-4;4;Выполните работы по подтверждению неисправности;24-20-00-810-864;Подтверждение неисправности;;
24-20-00-810-864-5;5;Выполните работы по поиску и устранению неисправности;24-20-00-810-864;Поиск и устранение неисправности:;;
24-20-00-810-864-6;6;Выполните работы по подтверждению устранения неисправности;24-20-00-810-864;Подтверждение устранения неисправности;;
24-20-00-810-865-4;4;Выполните работы по подтверждению неисправности;24-20-00-810-865;Подтверждение неисправности;;
24-20-00-810-865-5;5;Выполните работы по поиску и устранению неисправности;24-20-00-810-865;Поиск и устранение неисправности:;;
24-20-00-810-865-6;6;Выполните работы по подтверждению устранения неисправности;24-20-00-810-865;Подтверждение устранения неисправности;;
24-20-00-810-866-4;4;Выполните работы по подтверждению неисправности;24-20-00-810-866;Подтверждение неисправности;;
24-20-00-810-866-5;5;Выполните работы по поиску и устранению неисправности;24-20-00-810-866;Поиск и устранение неисправности:;;
24-20-00-810-866-6;6;Выполните работы по подтверждению устранения неисправности;24-20-00-810-866;Подтверждение устранения неисправности;;
24-20-00-810-867-4;4;Выполните работы по подтверждению неисправности;24-20-00-810-867;Подтверждение неисправности;;
24-20-00-810-867-5;5;Выполните работы по поиску и устранению неисправности;24-20-00-810-867;Поиск и устранение неисправности:;;
24-20-00-810-867-6;6;Выполните работы по подтверждению устранения неисправности;24-20-00-810-867;Подтверждение устранения неисправности;;
24-20-00-810-868-4;4;Выполните работы по подтверждению неисправности;24-20-00-810-868;Подтверждение неисправности;;
24-20-00-810-868-5;5;Выполните работы по поиску и устранению неисправности;24-20-00-810-868;Поиск и устранение неисправности:;;
24-20-00-810-868-6;6;Выполните работы по подтверждению устранения неисправности;24-20-00-810-868;Подтверждение устранения неисправности;;
24-20-00-810-869-4;4;Выполните работы по подтверждению неисправности;24-20-00-810-869;Подтверждение неисправности;;
24-20-00-810-869-5;5;Выполните работы по поиску и устранению неисправности;24-20-00-810-869;Поиск и устранение неисправности:;;
24-20-00-810-869-6;6;Выполните работы по подтверждению устранения неисправности;24-20-00-810-869;Подтверждение устранения неисправности;;
24-20-00-810-870-4;4;Выполните работы по подтверждению неисправности;24-20-00-810-870;Подтверждение неисправности;;
24-20-00-810-870-5;5;Выполните работы по поиску и устранению неисправности;24-20-00-810-870;Поиск и устранение неисправности:;;
24-20-00-810-870-6;6;Выполните работы по подтверждению устранения неисправности;24-20-00-810-870;Подтверждение устранения неисправности;;
24-20-00-810-871-4;4;Выполните работы по подтверждению неисправности;24-20-00-810-871;Подтверждение неисправности;;
24-20-00-810-871-5;5;Выполните работы по поиску и устранению неисправности;24-20-00-810-871;Поиск и устранение неисправности:;;
24-20-00-810-871-6;6;Выполните работы по подтверждению устранения неисправности;24-20-00-810-871;Подтверждение устранения неисправности;;
24-20-00-810-872-4;4;Выполните работы по подтверждению неисправности;24-20-00-810-872;Подтверждение неисправности;;
24-20-00-810-872-5;5;Выполните работы по поиску и устранению неисправности;24-20-00-810-872;Поиск и устранение неисправности:;;
24-20-00-810-872-6;6;Выполните работы по подтверждению устранения неисправности;24-20-00-810-872;Подтверждение устранения неисправности;;
24-00-00-810-801-4-А;4/А;Убедитесь в том, что имеются (отсутствуют) признаки неисправности;24-00-00-810-801-4;;;
24-00-00-810-801-5-А;5/А;Произведите проверку и ремонт электропроводки между выключенным АЗС и соответствующим потребителем электроэнергии;24-00-00-810-801-5;;;
24-00-00-860-801;5/А/(1);Включите отказавший АЗС;24-00-00-810-801-5;;;
24-00-00-810-801-4-А;6/А;Убедитесь в том, что имеются (отсутствуют) признаки неисправности;24-00-00-810-801-6;;;
24-22-00-710-801;4/А;Произведите контроль работоспособности блока управления генератором левого (6-Х242);24-20-00-810-801-4;Контроль работоспособности основной системы переменного тока;;
24-00-00-810-801-4-А-1;4/А/(1);Убедитесь в том, что имеются (отсутствуют) признаки неисправности;24-20-00-810-801-4;;;
24-00-00-810-801-5-А;5/А;Произведите замену контактора K5-26;24-20-00-810-801-5;;;
24-22-01-900-801;5/А/(1)/-;Произведите замену блока управления генератором левого (6-Х242);24-20-00-810-801-5;Демонтаж и монтаж блока управления генератором (6-X242 и 7-X242);;
24-20-00-810-801-5-А-1;5/А/(1)/(а)/-;Произведите проверку и ремонт электропроводки между блоком управления генератором левым (6-Х242) и контактором К5-26;24-20-00-810-801-5;;;
24-20-00-810-801-4;6/А;Убедитесь в том, что имеются (отсутствуют) признаки неисправности;24-20-00-810-801-6;;;
24-22-00-710-801;4/А;Произведите контроль работоспособности основной системы переменного тока;24-20-00-810-802-4;Контроль работоспособности основной системы переменного тока;;
24-00-00-810-802-4-А-1;4/А/(1);Убедитесь в том, что имеются (отсутствуют) признаки неисправности;24-20-00-810-802-4;;;
24-22-01-900-801;5/А;Произведите замену блока управления генератором левого (6-Х242);24-20-00-810-802-5;Демонтаж и монтаж блока управления генератором (6-X242 и 7-X242);;
24-20-00-810-802-4;6/А;Убедитесь в том, что имеются (отсутствуют) признаки неисправности;24-20-00-810-802-6;;;
24-22-00-710-801;4/А;Произведите контроль работоспособности основной системы переменного тока;24-20-00-810-803-4;Контроль работоспособности основной системы переменного тока;;
24-00-00-810-803-4-А-1;4/А/(1);Убедитесь в том, что имеются (отсутствуют) признаки неисправности;24-20-00-810-803-4;;;
24-22-01-900-801;5/А;Произведите замену блока управления генератором левого (6-Х242);24-20-00-810-803-5;Демонтаж и монтаж блока управления генератором (6-X242 и 7-X242);;
24-20-00-810-803-4;6/А;Убедитесь в том, что имеются (отсутствуют) признаки неисправности;24-20-00-810-803-6;;;
24-22-00-710-801;4/А;Произведите контроль работоспособности блока управления генератором левого (6-Х242);24-20-00-810-804-4;Контроль работоспособности основной системы переменного тока;;
24-00-00-810-804-4-А-1;4/А/(1);Убедитесь в том, что имеются (отсутствуют) признаки неисправности;24-20-00-810-804-4;;;
24-20-00-810-804-5-A;5/А;Произведите проверку и ремонт электропроводки между блоком управления генератором левым (6-Х242) и контактором К5-26 генератора;24-20-00-810-804-5;;;
24-22-01-900-801;5/А/(1)/-;Произведите замену блока управления генератором левого (6-Х242);24-20-00-810-804-5;Демонтаж и монтаж блока управления генератором (6-X242 и 7-X242);;
24-20-00-810-804-5-2;5/А/(2)/-;Произведите замену контактора К5-26 генератора;24-20-00-810-804-5;;;
24-20-00-810-804-4;6/А;Убедитесь в том, что имеются (отсутствуют) признаки неисправности;24-20-00-810-804-6;;;
24-22-00-710-801;4/А;Произведите контроль работоспособности привод-генератора левого (15-Х242);24-20-00-810-805-4;Контроль работоспособности основной системы переменного тока;;
24-00-00-810-805-4-А-1;4/А/(1);Убедитесь в том, что имеются (отсутствуют) признаки неисправности;24-20-00-810-805-4;;;
24-20-00-810-805-5-A;5/А;Произведите проверку и ремонт электропроводки между блоком управления генератором левым (6-Х242) и центральной частью потолочного пульта (5-F311);24-20-00-810-805-5;;;
24-20-00-810-805-5-A-1;5/А/(1)/-;Произведите замену кнопкйтабло L GEN на центральной части потолочного пульта;24-20-00-810-805-5;;;
24-22-01-900-801;5/А/(1)/(а)/-;Произведите замену блока управления генератором левого (6-X242);24-20-00-810-805-5;Демонтаж и монтаж блока управления генератором (6-X242 и 7-X242);;
24-20-00-810-805-4;6/А;Убедитесь в том, что имеются (отсутствуют) признаки неисправности;24-20-00-810-805-6;;;
24-22-00-710-801;4/А;Произведите контроль работоспособности основной системы переменного тока;24-20-00-810-806-4;Контроль работоспособности основной системы переменного тока;;
24-00-00-810-806-4-А-1;4/А/(1);Убедитесь в том, что имеются (отсутствуют) признаки неисправности;24-20-00-810-806-4;;;
24-20-00-810-806-5-A;5/А;Произведите проверку и ремонт электропроводки между центральной частью потолочного пульта (5-F311) и блоком управления генератором левым (6-Х242);24-20-00-810-806-5;;;
24-20-00-810-806-5-A-1;5/А/(1)/-;Произведите замену кнопкйтабло L GEN на центральной части потолочного пульта (5-F311);24-20-00-810-806-5;;;
24-22-01-900-801;5/А/(1)/(а)/-;Произведите замену блока управления генератором левого (6-X242);24-20-00-810-806-5;Демонтаж и монтаж блока управления генератором (6-X242 и 7-X242);;
24-20-00-810-806-4;6/А;Убедитесь в том, что имеются (отсутствуют) признаки неисправности;24-20-00-810-806-6;;;
24-22-00-710-801;4/А;Произведите контроль работоспособности привод-генератора левого (15-Х242);24-20-00-810-807-4;Контроль работоспособности основной системы переменного тока;;
24-00-00-810-807-4-А-1;4/А/(1);Убедитесь в том, что имеются (отсутствуют) признаки неисправности;24-20-00-810-807-4;;;
24-22-01-900-801;5/А;Произведите замену блока управления генератором левого (6-X242);24-20-00-810-807-5;Демонтаж и монтаж блока управления генератором (6-X242 и 7-X242);;
24-20-00-810-807-4;6/А;Убедитесь в том, что имеются (отсутствуют) признаки неисправности;24-20-00-810-807-6;;;
24-22-00-710-801;4/А;Произведите контроль работоспособности основной системы переменного тока;24-20-00-810-807-4;Контроль работоспособности основной системы переменного тока;;
24-00-00-810-807-4-А-1;4/А/(1);Убедитесь в том, что имеются (отсутствуют) признаки неисправности;24-20-00-810-807-4;;;
24-22-01-900-801;5/А;Произведите замену блока управления генератором левого (6-X242);24-20-00-810-807-5;Демонтаж и монтаж блока управления генератором (6-X242 и 7-X242);;
24-20-00-810-807-4;6/А;Убедитесь в том, что имеются (отсутствуют) признаки неисправности;24-20-00-810-807-6;;;
24-22-00-710-801;4/А;Произведите контроль работоспособности привод-генератора левого (15-X242);24-20-00-810-809-4;Контроль работоспособности основной системы переменного тока;;
24-00-00-810-809-4-А-1;4/А/(1);Убедитесь в том, что имеются (отсутствуют) признаки неисправности;24-20-00-810-809-4;;;
24-22-01-900-801;5/А;Произведите замену блока управления генератором левого (6-X242);24-20-00-810-809-5;Демонтаж и монтаж блока управления генератором (6-X242 и 7-X242);;
24-20-00-810-809-4;6/А;Убедитесь в том, что имеются (отсутствуют) признаки неисправности;24-20-00-810-809-6;;;
24-22-00-710-801;4/А;Произведите контроль работоспособности привод-генератора левого (15-X242);24-20-00-810-810-4;Контроль работоспособности основной системы переменного тока;;
24-00-00-810-810-4-А-1;4/А/(1);Убедитесь в том, что имеются (отсутствуют) признаки неисправности;24-20-00-810-810-4;;;
24-20-00-810-810-4;6/А;Убедитесь в том, что имеются (отсутствуют) признаки неисправности;24-20-00-810-810-6;;;
24-22-00-710-801;4/А;Произведите контроль работоспособности привод-генератора левого (15-X242);24-20-00-810-811-4;Контроль работоспособности основной системы переменного тока;;
24-00-00-810-811-4-А-1;4/А/(1);Убедитесь в том, что имеются (отсутствуют) признаки неисправности;24-20-00-810-811-4;;;
24-20-00-810-811-5-A;5/А;Проверьте и отремонтируйте электропроводку между блоком управления генератором левым (6-Х242) и привод-генератором левым (15-X242);24-20-00-810-811-5;;;
24-22-01-900-801;5/А/(1)/-;Произведите замену блока управления генератором левого (6-Х242);24-20-00-810-811-5;Демонтаж и монтаж блока управления генератором (6-X242 и 7-X242);;
24-21-01-900-801;5/А/(1)/(a)/-;Произведите замену привод-генератора левого (15-X242);24-20-00-810-811-5;Демонтаж и монтаж привод-генератора (15-X242 и 16-X242);;
24-20-00-810-811-4;6/А;Убедитесь в том, что имеются (отсутствуют) признаки неисправности;24-20-00-810-811-6;;;
24-22-00-710-801;4/А;Произведите контроль работоспособности привод-генератора левого (15-X242);24-20-00-810-812-4;Контроль работоспособности основной системы переменного тока;;
24-00-00-810-812-4-А-1;4/А/(1);Убедитесь в том, что имеются (отсутствуют) признаки неисправности;24-20-00-810-812-4;;;
24-20-00-810-812-5-A;5/А;Произведите проверку и ремонт электропроводки между блоком управления генератором левым (6-X242) и сервоклапаном привод-генератора левого (15-X242);24-20-00-810-812-5;;Сопротивление сервоклапана находится не в пределах (75± 7) Ω при температуре 20 oС / Сопротивление сервоклапана находится в пределах (75± 7) Ω при температуре 20oС;
24-20-00-810-812-5-A-1;5/А/(1)/-;Произведите проверку номинального сопротивления сервоклапана привод-генератора левого (15-Х242);24-20-00-810-812-5;;;
24-21-01-900-801;5/А/(1)/(a)/-;Произведите замену привод-генератора левого (15-X242);24-20-00-810-812-5;Демонтаж и монтаж привод-генератора (15-X242 и 16-X242);;Сопротивление сервоклапана находится не в пределах (75± 7) Ω при температуре 20 oС
24-22-01-900-801;5/А/(1)/(б)/-;Выполните замену блока управления генератором левого (6-X242);24-20-00-810-812-5;Демонтаж и монтаж блока управления генератором (6-X242 и 7-X242);;Сопротивление сервоклапана находится в пределах (75± 7) Ω при температуре 20oС 
24-20-00-810-812-4;6/А;Убедитесь в том, что имеются (отсутствуют) признаки неисправности;24-20-00-810-812-6;;;
24-22-00-710-801;4/А;Произведите контроль работоспособности привод-генератора левого (15-X242);24-20-00-810-813-4;Контроль работоспособности основной системы переменного тока;;
24-00-00-810-813-4-А-1;4/А/(1);Убедитесь в том, что имеются (отсутствуют) признаки неисправности;24-20-00-810-813-4;;;
24-22-01-900-801;5/А;Выполните замену блока управления генератором левого (6-X242);24-20-00-810-813-5;Демонтаж и монтаж блока управления генератором (6-X242 и 7-X242);;
24-20-00-810-813-4;6/А;Убедитесь в том, что имеются (отсутствуют) признаки неисправности;24-20-00-810-813-6;;;
24-22-00-710-801;4/А;Произведите контроль работоспособности привод-генератора левого (15-X242);24-20-00-810-814-4;Контроль работоспособности основной системы переменного тока;;
24-00-00-810-814-4-А-1;4/А/(1);Убедитесь в том, что имеются (отсутствуют) признаки неисправности;24-20-00-810-814-4;;;
24-20-00-810-814-5-А;5/А;Произведите контроль и ремонт электропроводки между: блоком управления генератором левым (6-X242) и блок-концентратором данных (3-T314);24-20-00-810-814-5;;;
31-43-01-900-801;5/А/(1)/-;Произведите замену блока-концентратора данных (3-T314);24-20-00-810-814-5;Демонтаж и монтаж блока концентратора данных (3-T314, 4-T314);;
24-22-01-900-801;5/А/(1)/(а)/-;Произведите замену блока управления генератором левого (6-X242);24-20-00-810-814-5;Демонтаж и монтаж блока управления генератором (6-X242 и 7-X242);;
24-20-00-810-814-4;6/А;Убедитесь в том, что имеются (отсутствуют) признаки неисправности;24-20-00-810-814-6;;;
24-22-00-710-801;4/А;Произведите контроль работоспособности привод-генератора левого (15-X242);24-20-00-810-816-4;Контроль работоспособности основной системы переменного тока;;
24-00-00-810-816-4-А-1;4/А/(1);Убедитесь в том, что имеются (отсутствуют) признаки неисправности;24-20-00-810-816-4;;;
24-22-01-900-801;5/А;Произведите замену блока управления генератором левого (6-X242);24-20-00-810-816-5;Демонтаж и монтаж блока управления генератором (6-X242 и 7-X242);;
24-20-00-810-816-4;6/А;Убедитесь в том, что имеются (отсутствуют) признаки неисправности;24-20-00-810-816-6;;;
24-22-00-710-801;4/А;Произведите контроль работоспособности привод-генератора левого (15-X242);24-20-00-810-817-4;Контроль работоспособности основной системы переменного тока;;
24-00-00-810-817-4-А-1;4/А/(1);Убедитесь в том, что имеются (отсутствуют) признаки неисправности;24-20-00-810-817-4;;;
24-20-00-810-817-5-А;5/А;Выполните контроль и ремонт электропроводки между блоком управления генератором левым (6-X242) и блок-концентратором данных (3-T314);24-20-00-810-817-5;;;
31-43-01-900-801;5/А/(1)/-;Произведите замену блока-концентратора данных (3-T314);24-20-00-810-817-5;Демонтаж и монтаж блока концентратора данных (3-T314, 4-T314);;
24-22-01-900-801;5/А/(1)/(а)/-;Произведите замену блока управления генератором левого (6-X242);24-20-00-810-817-5;Демонтаж и монтаж блока управления генератором (6-X242 и 7-X242);;
24-20-00-810-817-4;6/А;Убедитесь в том, что имеются (отсутствуют) признаки неисправности;24-20-00-810-817-6;;;
24-00-00-810-818-4-А;4/А;Убедитесь в том, что имеются (отсутствуют) признаки неисправности;24-20-00-810-818-4;;;
24-20-00-810-818-5-А;5/А;Отсоедините разъём J2 от привод-генератора левого (15-X242), подключите мультиметр к разъему J2, контактам E и F;24-20-00-810-818-5;;Измеренное сопротивление более 250 Ω / Измеренное сопротивление менее 250 Ω;
24-21-01-900-801;5/А/(1)/-;Произведите замену привод-генератора левого (15-X242);24-20-00-810-818-5;Демонтаж и монтаж привод-генератора (15-X242 и 16-X242);;Измеренное сопротивление более 250 Ω
24-20-00-810-818-5-А-2;5/А/(2)/-;Произведите проверку и ремонт электропроводки между привод-генератором левым (15-X242) и блоком управления генератором левым (6-X242);24-20-00-810-818-5;;;Измеренное сопротивление менее 250 Ω
24-22-01-900-801;5/Б/-;Произведите замену блока управления генератором левого (6-X242);24-20-00-810-818-5;Демонтаж и монтаж блока управления генератором (6-X242 и 7-X242);;
24-20-00-810-818-4;6/А;Убедитесь в том, что имеются (отсутствуют) признаки неисправности;24-20-00-810-818-6;;;
24-22-00-710-801;4/А;Произведите контроль работоспособности привод-генератора левого (15-X242);24-20-00-810-820-4;Контроль работоспособности основной системы переменного тока;;
24-00-00-810-820-4-А;4/Б;Убедитесь в том, что имеются (отсутствуют) признаки неисправности;24-20-00-810-820-4;;;
24-21-01-900-801;5/А;Произведите замену привод-генератора левого (15-X242);24-20-00-810-820-5;Демонтаж и монтаж привод-генератора (15-X242 и 16-X242);;
73-12-00-200-801;5/А/(1)/-;Произведите осмотр трубопроводов теплообменника привод-генератора левого (15-X242);24-20-00-810-820-5;Осмотр трубопроводов теплообменника привод-генератора;;
73-11-37-000-801;5/А/(1)/-;Произведите замену теплообменника привод-генератора левого (15-X242);24-20-00-810-820-5;Демонтаж и монтаж привод-генератора (15-X242 и 16-X242);;
24-20-00-810-820-4;6/А;Убедитесь в том, что имеются (отсутствуют) признаки неисправности;24-20-00-810-820-6;;;
24-22-00-710-801;4/А;Произведите контроль работоспособности привод-генератора левого (15-X242);24-20-00-810-821-4;Контроль работоспособности основной системы переменного тока;;
24-00-00-810-821-4-А;4/Б;Убедитесь в том, что имеются (отсутствуют) признаки неисправности;24-20-00-810-821-4;;;
24-21-01-280-801;5/А;Произведите проверку уровня масла и загрязнение масляной системы привод-генератора левого (15-Х242);24-20-00-810-821-5;Визуальный контроль индикаторов засорения маслофильтров привод-генератора;;
24-21-01-900-801;5/А/(1);Произведите замену привод-генератора левого (15-Х242);24-20-00-810-821-5;Демонтаж и монтаж привод-генератора (15-X242 и 16-X242);;
24-20-00-810-821-4;6/А;Убедитесь в том, что имеются (отсутствуют) признаки неисправности;24-20-00-810-821-6;;;
24-22-00-710-801;4/А;Произведите контроль работоспособности привод-генератора левого (15-X242);24-20-00-810-822-4;Контроль работоспособности основной системы переменного тока;;
24-00-00-810-822-4-А;4/А/(1);Убедитесь в том, что имеются (отсутствуют) признаки неисправности;24-20-00-810-822-4;;;
24-20-00-810-822-5-А;5/А;Произведите контроль и ремонт электропроводки между центральной частью потолочного пульта (5-F311) и блоком управления генератором левым (6-Х242);24-20-00-810-822-5;;;
24-20-00-810-822-5-1;5/А/(1)/-;Произведите замену кнопкйтабло L GEN на центральной части потолочного пульта (5-F311);24-20-00-810-822-5;;;
24-20-00-810-822-5-1-1;5/А/(1)/(а)/-;Произведите замену кнопкйтабло L GEN на центральной части потолочного пульта (5-F311);24-20-00-810-822-5;;;
24-20-00-810-822-4;6/А;Убедитесь в том, что имеются (отсутствуют) признаки неисправности;24-20-00-810-822-6;;;
24-22-00-710-801;4/А;Произведите контроль работоспособности привод-генератора левого (15-X242);24-20-00-810-823-4;Контроль работоспособности основной системы переменного тока;;
24-00-00-810-823-4-А;4/А/(1);Убедитесь в том, что имеются (отсутствуют) признаки неисправности;24-20-00-810-823-4;;;
24-20-00-810-823-5-А;5/А;Произведите контроль и ремонт электропроводки между: центральной частью потолочного пульта (5-F311) и блоком управления генератором левым (6-Х242);24-20-00-810-823-5;;;
24-20-00-810-823-5-1;5/А/(1)/-;Произведите замену кнопкйтабло L DRIVE на центральной части потолочного пульта (5-F311);24-20-00-810-823-5;;;
24-22-01-900-801;5/А/(2)/-;Произведите замену блока управления генератором левого (6-X242);24-20-00-810-823-5;Демонтаж и монтаж блока управления генератором (6-Х242 и 7-Х242);;
24-20-00-810-823-4;6/А;Убедитесь в том, что имеются (отсутствуют) признаки неисправности;24-20-00-810-823-6;;;
24-00-00-810-824-4-А;4/А;Убедитесь в том, что имеются (отсутствуют) признаки неисправности;24-20-00-810-824-4;;;
24-20-00-810-823-5-А;5/А;Отсоедините разъем J2 от привод-генератора левого (15-X242);24-20-00-810-824-5;;;
24-20-00-810-823-5-1;5/А/(1);Включите омметр между контактами H и K блочной части соединителя J2 привод-генератора левого (15-X242);24-20-00-810-824-5;;Контакты сигнализатора низкого давления масла (25-K490) разомкнуты (сопротивление контакта равно бесконечности) – сигнализатор неисправен / Контакты сигнализатора низкого давления масла (25-K490) замкнуты (сопротивление контакта равно нулю). Сигнализатор низкого давления масла (25-K490) привод-генератора левого (15-X242) – исправен;
24-21-01-900-801;5/А/(1)/(а);Произведите замену привод-генератора левого (15-X242);24-20-00-810-824-5;Демонтаж и монтаж привод-генератора (15-X242 и 16-X242);;
24-20-00-810-824-5-2;5/А/(2);Произведите проверку и ремонт электропроводки от привод-генератора левого (15-X242) до блока управления генератором левым (6-X242);24-20-00-810-824-5;;;
24-20-00-810-824-5-Б;5/Б;Подсоедините разъем J2 к привод-генератору левому (15-X242);24-20-00-810-824-5;;;
24-22-01-900-801;5/Б/(1);Произведите демонтаж блока управления генератором левым (6-X242);24-20-00-810-824-5;Демонтаж и монтаж блока управления генератором (6-Х242 и 7-Х242);;
24-20-00-810-824-5-Б-1;5/Б/(1);Включите омметр между контактами A-A4 и корпусом самолета на кабельной части;24-20-00-810-824-5;;;
71-00-00-800-803;5/Б/(2);Произведите запуск двигателя;24-20-00-810-824-5;Запуск двигателя в автоматическом режиме / Запуск двигателя в ручном режиме;Контакты сигнализатора низкого давления масла (25-K490) замкнуты (сопротивление контакта равно нулю) - сигнализатор неисправен / Контакты сигнализатора низкого давления масла (25-K490) разомкнуты (сопротивление контакта равно бесконечности) - сигнализатор исправен;
24-21-01-900-801;5/Б/(2)/(а)/-;Произведите замену привод-генератора левого (15-X242);24-20-00-810-824-5;Демонтаж и монтаж привод-генератора (15-X242 и 16-X242);;Контакты сигнализатора низкого давления масла (25-K490) замкнуты (сопротивление контакта равно нулю) - сигнализатор неисправен
24-22-01-900-801;5/Б/(2)/(б)/-;Произведите замену блока управления генератором левым (6-X242);24-20-00-810-824-5;Демонтаж и монтаж блока управления генератором (6-Х242 и 7-Х242);;Контакты сигнализатора низкого давления масла (25-K490) разомкнуты (сопротивление контакта равно бесконечности) - сигнализатор исправен
71-00-00-700-802;5/Б/(3);Выключите двигатель;24-20-00-810-824-5;Выключение двигателя (штатное);;
24-20-00-810-824-4;6/А;Убедитесь в том, что имеются (отсутствуют) признаки неисправности;24-20-00-810-824-6;;;
24-00-00-810-825-4-А;4/А;Убедитесь в том, что имеются (отсутствуют) признаки неисправности;24-20-00-810-825-4;;;
12-13-24-280-801;5/А;Произведите проверку уровня масла в привод-генераторе левом (15-X242);24-20-00-810-825-5;Проверка уровня масла в привод-генераторе;Уровень масла в норме / Уровень масла ниже;
24-21-01-900-801;5/А/(1)/-;Произведите замену привод-генератора левого (15-X242);24-20-00-810-825-5;Демонтаж и монтаж привод-генератора (15-X242 и 16-X242);;
24-20-00-810-825-5-2;5/А/(2)/-;Произведите осмотр привод-генератора левого (15-X242);24-20-00-810-825-5;;Найдены масляные подтеки на привод-генераторе левом (15-X242) (что говорит о низком уровне масла);
24-21-01-900-801;5/А/(2)/(а)/-;Произведите замену привод-генератора левого (15-X242);24-20-00-810-825-5;Демонтаж и монтаж привод-генератора (15-X242 и 16-X242);;
24-21-01-960-802;5/А/(2)/(б)/-;Устраните протечку и произведите замену масла;24-20-00-810-825-5;Замена масла и фильтроэлементов маслофильтров привод-генераторов;;
24-21-01-900-801;5/Б/-;Произведите замену привод-генератора левого (15-X242);24-20-00-810-825-5;Демонтаж и монтаж привод-генератора (15-X242 и 16-X242);;
24-20-00-810-825-4;6/А;Убедитесь в том, что имеются (отсутствуют) признаки неисправности;24-20-00-810-825-6;;;
24-22-00-710-801;4/А;Произведите контроль работоспособности привод-генератора левого (15-X242);24-20-00-810-826-4;Контроль работоспособности основной системы переменного тока;;
24-00-00-810-826-4-А-1;4/А/(1);Убедитесь в том, что имеются (отсутствуют) признаки неисправности;24-20-00-810-826-4;;;
24-20-00-810-826-5-А;5/А;Произведите контроль и ремонт электропроводки между центральной частью потолочного пульта (5-F311) и блоком управления генератором левым (6-Х242);24-20-00-810-826-5;;;
24-20-00-810-826-5-А-1;5/А/(1)/-;Произведите замену кнопкйтабло L GEN на центральной части потолочного пульта (5-F311);24-20-00-810-826-5;;;
31-11-05-900-801;5/А/(2)/-;Произведите замену центральной части потолочного пульта (5-F311);24-20-00-810-826-5;Демонтаж и монтаж центральной части потолочного пульта (5-F311);;
24-22-01-900-801;5/А/(2)/(а)/-;Произведите замену блока управления генератором левого (6-X242);24-20-00-810-826-5;Демонтаж и монтаж блока управления генератором (6-Х242 и 7-Х242);;
24-20-00-810-826-4;6/А;Убедитесь в том, что имеются (отсутствуют) признаки неисправности;24-20-00-810-826-6;;;
24-22-00-710-801;4/А;Произведите контроль работоспособности привод-генератора левого (15-X242);24-20-00-810-827-4;Контроль работоспособности основной системы переменного тока;;
24-00-00-810-827-4-А-1;4/А/(1);Убедитесь в том, что имеются (отсутствуют) признаки неисправности;24-20-00-810-827-4;;;
24-20-00-810-827-5-А;5/А;Произведите контроль и ремонт электропроводки между центральным потолочным пультом (5-F311) и блоком управления генератором левым (6-X242);24-20-00-810-827-5;;;
24-20-00-810-827-5-А-1;5/А/(1)/-;Произведите замену кнопкйтабло L GEN на центральной части потолочного пульта (5-F311);24-20-00-810-827-5;;;
24-22-01-900-801;5/А/(1)/(а)/-;Произведите замену блока управления генератором левого (6-X242);24-20-00-810-827-5;Демонтаж и монтаж блока управления генератором (6-Х242 и 7-Х242);;
24-20-00-810-827-4;6/А;Убедитесь в том, что имеются (отсутствуют) признаки неисправности;24-20-00-810-827-6;;;
24-22-00-710-801;4/А;Произведите контроль работоспособности привод-генератора левого (15-X242);24-20-00-810-828-4;Контроль работоспособности основной системы переменного тока;;
24-00-00-810-828-4-А-1;4/А/(1);Убедитесь в том, что имеются (отсутствуют) признаки неисправности;24-20-00-810-828-4;;;
24-20-00-810-828-5-А;5/А;Выполните проверку и ремонт электропроводки между кнопкой-табло L DRIVE на центральной части потолочного пульта (5-F311) и блоком управления генератором левым (6-X242);24-20-00-810-828-5;;;
24-20-00-810-828-5-А-1;5/А/(1)/-;Произведите замену кнопкйтабло L DRIVE на центральной части потолочного пульта (5-F311);24-20-00-810-828-5;;;
24-22-01-900-801;5/А/(1)/(а)/-;Выполните замену блока управления генератором левого (6-X242);24-20-00-810-828-5;Демонтаж и монтаж блока управления генератором (6-Х242 и 7-Х242);;
24-20-00-810-828-4;6/А;Убедитесь в том, что имеются (отсутствуют) признаки неисправности;24-20-00-810-828-6;;;
24-22-00-710-801;4/А;Произведите контроль работоспособности привод-генератора левого (15-X242);24-20-00-810-829-4;Контроль работоспособности основной системы переменного тока;;
24-00-00-810-829-4-А-1;4/А/(1);Убедитесь в том, что имеются (отсутствуют) признаки неисправности;24-20-00-810-829-4;;;
24-20-00-810-829-5-А;5/А;Выполните проверку и ремонт электропроводки между кнопкой-табло L DRIVE на центральной части потолочного пульта (5-F311) и блоком управления генератором левым (6-X242);24-20-00-810-829-5;;;
24-20-00-810-829-5-А-1;5/А/(1)/-;Произведите замену кнопкйтабло L DRIVE на центральной части потолочного пульта (5-F311);24-20-00-810-829-5;;;
31-11-05-900-801;5/А/(1)/(а)/-;Произведите замену центральной части потолочного пульта (5-F311);24-20-00-810-829-5;Демонтаж и монтаж центральной части потолочного пульта (5-F311);;
24-22-01-900-801;5/А/(1)/(б)/-;Произведите замену блока управления генератором левого (6-X242);24-20-00-810-829-5;Демонтаж и монтаж блока управления генератором (6-Х242 и 7-Х242);;
24-20-00-810-829-4;6/А;Убедитесь в том, что имеются (отсутствуют) признаки неисправности;24-20-00-810-829-6;;;
24-22-00-710-801;4/А;Произведите контроль работоспособности привод-генератора левого (15-X242);24-20-00-810-830-4;Контроль работоспособности основной системы переменного тока;;
24-00-00-810-830-4-А-1;4/А/(1);Убедитесь в том, что имеются (отсутствуют) признаки неисправности;24-20-00-810-830-4;;;
24-22-01-900-801;5/А;Произведите замену блока управления генератором левого (6-X242);24-20-00-810-830-5;Демонтаж и монтаж блока управления генератором (6-Х242 и 7-Х242);;
24-20-00-810-830-4;6/А;Убедитесь в том, что имеются (отсутствуют) признаки неисправности;24-20-00-810-830-6;;;
24-22-00-710-801;4/А;Произведите контроль работоспособности привод-генератора левого (15-X242);24-20-00-810-831-4;Контроль работоспособности основной системы переменного тока;;
24-00-00-810-831-4-А-1;4/А/(1);Убедитесь в том, что имеются (отсутствуют) признаки неисправности;24-20-00-810-831-4;;;
24-20-00-810-831-5-А;5/А;Произведите проверку и отремонтируйте электропроводку между блоком управления генератором левым (6-Х242) и кнопкой-табло FIRE на пульте противопожарной защиты (7-F311);24-20-00-810-831-5;;;
24-20-00-810-831-5-А-1;5/А/(1)/-;Произведите замену кнопкйтабло FIRE на пульта противопожарной защиты (7-F311) левого двигателя;24-20-00-810-831-5;;;
26-11-05-900-801;5/А/(1)/(а)/-;Произведите замену пульта противопожарной защиты (7-F311) левого двигателя;24-20-00-810-831-5;Демонтаж и монтаж центральной части потолочного пульта (5-F311);;
24-22-01-900-801;5/А/(1)/(а)/1_/-;Произведите замену блока управления генератором левого (6-X242);24-20-00-810-831-5;Демонтаж и монтаж блока управления генератором (6-Х242 и 7-Х242);;
24-20-00-810-831-4;6/А;Убедитесь в том, что имеются (отсутствуют) признаки неисправности;24-20-00-810-831-6;;;
24-22-00-710-801;4/А;Произведите контроль работоспособности привод-генератора левого (15-X242);24-20-00-810-832-4;Контроль работоспособности основной системы переменного тока;;
24-00-00-810-832-4-А-1;4/А/(1);Убедитесь в том, что имеются (отсутствуют) признаки неисправности;24-20-00-810-832-4;;;
24-20-00-810-832-5-А;5/А;Произведите контроль и ремонт электропроводки между блоком управления генератором левым (6-Х242) и корпусом самолета;24-20-00-810-832-5;;;
24-22-01-900-801;5/А/(1)/(а)/1_/-;Произведите замену блока управления генератором левого (6-X242);24-20-00-810-832-5;Демонтаж и монтаж блока управления генератором (6-Х242 и 7-Х242);;
24-20-00-810-832-4;6/А;Убедитесь в том, что имеются (отсутствуют) признаки неисправности;24-20-00-810-832-6;;;
24-22-00-710-801;4/А;Выполните контроль работоспособности привод-генератора левого (15-Х242);24-20-00-810-833-4;Контроль работоспособности основной системы переменного тока;;
24-00-00-810-833-4-А-1;4/А/(1);Убедитесь в том, что имеются (отсутствуют) признаки неисправности;24-20-00-810-833-4;;;
24-20-00-810-833-5-А;5/А;Произведите контроль и ремонт электропроводки между центральной частью потолочного пульта (5-F311) и контактором K5-26;24-20-00-810-833-5;;;
24-20-00-810-833-5-А-1;5/А/(1)/-;Произведите замену кнопкйтабло L GEN на центральной части потолочного пульта (5-F311);24-20-00-810-833-5;;;
31-11-05-900-801;5/А/(1)/(а)/-;Произведите замену центральной части потолочного пульта (5-F311);24-20-00-810-833-5;Демонтаж и монтаж центральной части потолочного пульта (5-F311);;
24-22-01-900-801;5/А/(1)/(а)/1_/-;Произведите замену блока управления генератором левого (6-X242);24-20-00-810-833-5;Демонтаж и монтаж блока управления генератором (6-Х242 и 7-Х242);;
24-20-00-810-833-4;6/А;Убедитесь в том, что имеются (отсутствуют) признаки неисправности;24-20-00-810-833-6;;;
24-22-00-710-801;4/А;Выполните контроль работоспособности привод-генератора левого (15-Х242);24-20-00-810-834-4;Контроль работоспособности основной системы переменного тока;;
24-00-00-810-834-4-А-1;4/А/(1);Убедитесь в том, что имеются (отсутствуют) признаки неисправности;24-20-00-810-834-4;;;
24-20-00-810-834-5-А;5/А;Произведите проверку и ремонт электропроводки между центральной частью потолочного пульта (5-F311) и блоком управления генератором левым (6-Х242);24-20-00-810-834-5;;;
24-20-00-810-834-5-А-1;5/А/(1)/-;Произведите замену кнопкйтабло L GEN на центральной части потолочного пульта (5-F311);24-20-00-810-834-5;;;
24-22-01-900-801;5/А/(1)/(а)/-;Произведите замену блока управления генератором левого (6-X242);24-20-00-810-834-5;Демонтаж и монтаж блока управления генератором (6-Х242 и 7-Х242);;
24-20-00-810-834-4;6/А;Убедитесь в том, что имеются (отсутствуют) признаки неисправности;24-20-00-810-834-6;;;
24-22-00-710-801;4/А;Выполните контроль работоспособности привод-генератора левого (15-Х242);24-20-00-810-835-4;Контроль работоспособности основной системы переменного тока;;
24-00-00-810-835-4-А-1;4/А/(1);Убедитесь в том, что имеются (отсутствуют) признаки неисправности;24-20-00-810-835-4;;;
24-22-01-900-801;5/А;Произведите замену блока управления генератором левого (6-X242);24-20-00-810-835-5;Демонтаж и монтаж блока управления генератором (6-Х242 и 7-Х242);;
24-20-00-810-835-4;6/А;Убедитесь в том, что имеются (отсутствуют) признаки неисправности;24-20-00-810-835-6;;;
24-22-00-710-801;4/А;Выполните контроль работоспособности привод-генератора левого (15-Х242);24-20-00-810-836-4;Контроль работоспособности основной системы переменного тока;;
24-00-00-810-836-4-А-1;4/А/(1);Убедитесь в том, что имеются (отсутствуют) признаки неисправности;24-20-00-810-836-4;;;
24-22-01-900-801;5/А;Произведите замену блока управления генератором левого (6-X242);24-20-00-810-836-5;Демонтаж и монтаж блока управления генератором (6-Х242 и 7-Х242);;
24-20-00-810-836-4;6/А;Убедитесь в том, что имеются (отсутствуют) признаки неисправности;24-20-00-810-836-6;;;
24-22-00-710-801;4/А;Выполните контроль работоспособности привод-генератора левого (15-Х242);24-20-00-810-837-4;Контроль работоспособности основной системы переменного тока;;
24-00-00-810-837-4-А-1;4/А/(1);Убедитесь в том, что имеются (отсутствуют) признаки неисправности;24-20-00-810-837-4;;;
24-22-01-900-801;5/А;Произведите замену блока управления генератором левого (6-X242);24-20-00-810-837-5;Демонтаж и монтаж блока управления генератором (6-Х242 и 7-Х242);;
24-20-00-810-837-4;6/А;Убедитесь в том, что имеются (отсутствуют) признаки неисправности;24-20-00-810-837-6;;;
24-22-00-710-801;4/А;Выполните контроль работоспособности привод-генератора левого (15-Х242);24-20-00-810-838-4;Контроль работоспособности основной системы переменного тока;;
24-00-00-810-838-4-А-1;4/А/(1);Убедитесь в том, что имеются (отсутствуют) признаки неисправности;24-20-00-810-838-4;;;
24-22-01-900-801;5/А;Произведите замену блока управления генератором левого (6-X242);24-20-00-810-838-5;Демонтаж и монтаж блока управления генератором (6-Х242 и 7-Х242);;
24-20-00-810-838-4;6/А;Убедитесь в том, что имеются (отсутствуют) признаки неисправности;24-20-00-810-838-6;;;
24-22-00-710-801;4/А;Выполните контроль работоспособности привод-генератора левого (15-Х242);24-20-00-810-839-4;Контроль работоспособности основной системы переменного тока;;
24-00-00-810-839-4-А-1;4/А/(1);Убедитесь в том, что имеются (отсутствуют) признаки неисправности;24-20-00-810-839-4;;;
24-20-00-810-839-5-A;5/А;Произведите проверку и ремонт электропроводки между блоком управления генератором левым (6-X242) и привод-генератором левым (15-X242);24-20-00-810-839-5;;;
24-22-01-900-801;5/А/(1)/-;Произведите замену блока управления генератором левого (6-X242);24-20-00-810-839-5;Демонтаж и монтаж блока управления генератором (6-Х242 и 7-Х242);;
24-20-00-810-839-4;6/А;Убедитесь в том, что имеются (отсутствуют) признаки неисправности;24-20-00-810-839-6;;;
24-22-00-710-801;4/А;Выполните контроль работоспособности привод-генератора левого (15-Х242);24-20-00-810-840-4;Контроль работоспособности основной системы переменного тока;;
24-00-00-810-840-4-А-1;4/А/(1);Убедитесь в том, что имеются (отсутствуют) признаки неисправности;24-20-00-810-840-4;;;
24-22-01-900-801;5/А;Произведите замену блока управления генератором левого (6-X242);24-20-00-810-840-5;Демонтаж и монтаж блока управления генератором (6-Х242 и 7-Х242);;
24-20-00-810-840-4;6/А;Убедитесь в том, что имеются (отсутствуют) признаки неисправности;24-20-00-810-840-6;;;
24-22-00-710-801;4/А;Выполните контроль работоспособности привод-генератора левого (15-Х242);24-20-00-810-841-4;Контроль работоспособности основной системы переменного тока;;
24-00-00-810-841-4-А-1;4/А/(1);Убедитесь в том, что имеются (отсутствуют) признаки неисправности;24-20-00-810-841-4;;;
24-22-01-900-801;5/А;Произведите замену блока управления генератором левого (6-X242);24-20-00-810-841-5;Демонтаж и монтаж блока управления генератором (6-Х242 и 7-Х242);;
24-20-00-810-841-4;6/А;Убедитесь в том, что имеются (отсутствуют) признаки неисправности;24-20-00-810-841-6;;;
24-22-00-710-801;4/А;Выполните контроль работоспособности привод-генератора левого (15-Х242);24-20-00-810-842-4;Контроль работоспособности основной системы переменного тока;;
24-00-00-810-842-4-А-1;4/А/(1);Убедитесь в том, что имеются (отсутствуют) признаки неисправности;24-20-00-810-842-4;;;
24-20-00-810-842-5-А;5/А;Произведите проверку и ремонт электропроводки между привод-генератором левым (15-X242) и блоком управления генератором левым (6-X242);24-20-00-810-842-5;;;
24-22-01-900-801;5/А/(1)/-;Произведите замену блока управления генератором левого (6-X242);24-20-00-810-842-5;Демонтаж и монтаж блока управления генератором (6-Х242 и 7-Х242);;
24-21-01-900-801;5/А/(1)/(а)/-;Произведите замену привод-генератора левого (15-X242);24-20-00-810-842-5;Демонтаж и монтаж привод-генератора (15-X242 и 16-X242);;
24-20-00-810-842-4;6/А;Убедитесь в том, что имеются (отсутствуют) признаки неисправности;24-20-00-810-842-6;;;
24-22-00-710-801;4/А;Выполните контроль работоспособности привод-генератора левого (15-Х242);24-20-00-810-843-4;Контроль работоспособности основной системы переменного тока;;
24-00-00-810-843-4-А-1;4/А/(1);Убедитесь в том, что имеются (отсутствуют) признаки неисправности;24-20-00-810-843-4;;;
24-20-00-810-843-5-А;5/А;Произведите проверку и ремонт электропроводки между: блоком управления генератором левым (6-X242) и корпусом самолета;24-20-00-810-843-5;;;
24-22-01-900-801;5/А/(1)/-;Произведите замену блока управления генератором левого (6-X242);24-20-00-810-843-5;Демонтаж и монтаж блока управления генератором (6-Х242 и 7-Х242);;
24-20-00-810-843-4;6/А;Убедитесь в том, что имеются (отсутствуют) признаки неисправности;24-20-00-810-843-6;;;
24-22-00-710-801;4/А;Выполните контроль работоспособности привод-генератора левого (15-Х242);24-20-00-810-844-4;Контроль работоспособности основной системы переменного тока;;
24-00-00-810-844-4-А-1;4/А/(1);Убедитесь в том, что имеются (отсутствуют) признаки неисправности;24-20-00-810-844-4;;;
24-22-01-900-801;5/А;Произведите замену блока управления генератором левого (6-X242);24-20-00-810-844-5;Демонтаж и монтаж блока управления генератором (6-Х242 и 7-Х242);;
24-20-00-810-844-4;6/А;Убедитесь в том, что имеются (отсутствуют) признаки неисправности;24-20-00-810-844-6;;;
24-22-00-710-801;4/А;Произведите контроль работоспособности привод-генератора левого (15-Х242);24-20-00-810-845-4;Контроль работоспособности основной системы переменного тока;;
24-00-00-810-845-4-А-1;4/А/(1);Убедитесь в том, что имеются (отсутствуют) признаки неисправности;24-20-00-810-845-4;;;
24-20-00-810-845-5-A;5/А;Произведите проверку и ремонт электропроводки между блоком управления генератором левым (6-X242) и привод-генератором левым (15-X242);24-20-00-810-845-5;;;
24-21-01-900-801;5/А/(1)/-;Произведите замену привод-генератора левого (15-X242);24-20-00-810-845-5;Демонтаж и монтаж привод-генератора (15-X242 и 16-X242);;
24-22-01-900-801;5/А/(1)/(а)/-;Произведите замену блока управления генератором левого (6-X242);24-20-00-810-845-5;Демонтаж и монтаж блока управления генератором (6-Х242 и 7-Х242);;
24-20-00-810-845-4;6/А;Убедитесь в том, что имеются (отсутствуют) признаки неисправности;24-20-00-810-845-6;;;
24-22-00-710-801;4/А;Произведите контроль работоспособности привод-генератора левого (15-Х242);24-20-00-810-846-4;Контроль работоспособности основной системы переменного тока;;
24-00-00-810-846-4-А-1;4/А/(1);Убедитесь в том, что имеются (отсутствуют) признаки неисправности;24-20-00-810-846-4;;;
24-20-00-810-846-5-A;5/А;Произведите проверку и ремонт электропроводки между блоком управления генератором левым (6-X242) и привод-генератором левым (15-Х242);24-20-00-810-846-5;;;
24-21-01-900-801;5/А/(1)/-;Произведите замену привод-генератора левого (15-X242);24-20-00-810-846-5;Демонтаж и монтаж привод-генератора (15-X242 и 16-X242);;
24-22-01-900-801;5/А/(1)/(а)/-;Произведите замену блока управления генератором левого (6-X242);24-20-00-810-846-5;Демонтаж и монтаж блока управления генератором (6-Х242 и 7-Х242);;
24-20-00-810-846-4;6/А;Убедитесь в том, что имеются (отсутствуют) признаки неисправности;24-20-00-810-846-6;;;
24-22-00-710-801;4/А;Произведите контроль работоспособности привод-генератора левого (15-Х242);24-20-00-810-847-4;Контроль работоспособности основной системы переменного тока;;
24-00-00-810-847-4-А-1;4/А/(1);Убедитесь в том, что имеются (отсутствуют) признаки неисправности;24-20-00-810-847-4;;;
24-20-00-810-847-5-A;5/А;Произведите проверку и ремонт электропроводки между блоком управления генератором левым (6-X242) и привод-генератором левым (15-Х242);24-20-00-810-847-5;;;
24-21-01-900-801;5/А/(1)/-;Произведите замену привод-генератора левого (15-X242);24-20-00-810-847-5;Демонтаж и монтаж привод-генератора (15-X242 и 16-X242);;
24-22-01-900-801;5/А/(1)/(а)/-;Произведите замену блока управления генератором левого (6-X242);24-20-00-810-847-5;Демонтаж и монтаж блока управления генератором (6-Х242 и 7-Х242);;
24-20-00-810-847-4;6/А;Убедитесь в том, что имеются (отсутствуют) признаки неисправности;24-20-00-810-847-6;;;
24-22-00-710-801;4/А;Произведите контроль работоспособности привод-генератора левого (15-Х242);24-20-00-810-848-4;Контроль работоспособности основной системы переменного тока;;
24-00-00-810-848-4-А-1;4/А/(1);Убедитесь в том, что имеются (отсутствуют) признаки неисправности;24-20-00-810-848-4;;;
24-22-01-900-801;5/А;Произведите замену блока управления генератором левого (6-X242);24-20-00-810-848-5;Демонтаж и монтаж блока управления генератором (6-Х242 и 7-Х242);;
24-20-00-810-848-4;6/А;Убедитесь в том, что имеются (отсутствуют) признаки неисправности;24-20-00-810-848-6;;;
24-22-00-710-801;4/А;Произведите контроль работоспособности привод-генератора левого (15-Х242);24-20-00-810-849-4;Контроль работоспособности основной системы переменного тока;;
24-00-00-810-849-4-А-1;4/А/(1);Убедитесь в том, что имеются (отсутствуют) признаки неисправности;24-20-00-810-849-4;;;
24-20-00-810-849-5-A;5/А;Произведите проверку и ремонт электропроводки между контактором K5-26 (K1) и привод-генератором левым (15-Х242);24-20-00-810-849-5;;;
24-21-01-900-801;5/А/(1)/-;Произведите замену привод-генератора левого (15-X242);24-20-00-810-849-5;Демонтаж и монтаж привод-генератора (15-X242 и 16-X242);;
24-20-00-810-849-4;6/А;Убедитесь в том, что имеются (отсутствуют) признаки неисправности;24-20-00-810-849-6;;;
24-22-00-710-801;4/А;Произведите контроль работоспособности привод-генератора левого (15-Х242);24-20-00-810-850-4;Контроль работоспособности основной системы переменного тока;;
24-00-00-810-850-4-А-1;4/А/(1);Убедитесь в том, что имеются (отсутствуют) признаки неисправности;24-20-00-810-850-4;;;
24-20-00-810-850-5-A;5/А;Произведите контроль работоспособности привод-генератора левого (15-Х242);24-20-00-810-850-5;;;
24-20-00-810-850-5-A-1;5/А/(1);Произведите проверку и ремонт электропроводки между привод-генератором левым (15-Х242) и контактором K5-26;24-20-00-810-850-5;;;
24-22-01-900-801;5/А/(1)/(а)/-;Произведите замену блока управления генератором левого (6-Х242);24-20-00-810-850-5;Демонтаж и монтаж блока управления генератором (6-X242 и 7-X242);;
24-20-00-810-850-4;6/А;Убедитесь в том, что имеются (отсутствуют) признаки неисправности;24-20-00-810-850-6;;;
24-22-00-710-801;4/А;Произведите контроль работоспособности привод-генератора левого (15-Х242);24-20-00-810-851-4;Контроль работоспособности основной системы переменного тока;;
24-00-00-810-851-4-А-1;4/А/(1);Убедитесь в том, что имеются (отсутствуют) признаки неисправности;24-20-00-810-851-4;;;
24-20-00-810-851-5-A;5/А;Произведите проверку и ремонт электропроводки между блоком управления генератором левым (6-Х242) и корпусом самолета;24-20-00-810-851-5;;;
24-22-01-900-801;5/А/(1)/-;Произведите замену блока управления генератором левого (6-Х242);24-20-00-810-851-5;Демонтаж и монтаж блока управления генератором (6-X242 и 7-X242);;
24-20-00-810-851-4;6/А;Убедитесь в том, что имеются (отсутствуют) признаки неисправности;24-20-00-810-851-6;;;
24-22-00-710-801;4/А;Произведите контроль работоспособности привод-генератора левого (15-Х242);24-20-00-810-852-4;Контроль работоспособности основной системы переменного тока;;
24-00-00-810-852-4-А-1;4/А/(1);Убедитесь в том, что имеются (отсутствуют) признаки неисправности;24-20-00-810-852-4;;;
24-20-00-810-852-5-A;5/А;Произведите проверку и ремонт электропроводки между привод-генератором левым (15-Х242) и корпусом самолета;24-20-00-810-852-5;;;
24-21-01-900-801;5/А/(1)/-;Произведите замену привод-генератора левого (15-X242);24-20-00-810-852-5;Демонтаж и монтаж привод-генератора (15-X242 и 16-X242);;
24-20-00-810-852-4;6/А;Убедитесь в том, что имеются (отсутствуют) признаки неисправности;24-20-00-810-852-6;;;
24-22-00-710-801;4/А;Произведите контроль работоспособности привод-генератора левого (15-Х242);24-20-00-810-853-4;Контроль работоспособности основной системы переменного тока;;
24-00-00-810-853-4-А-1;4/А/(1);Убедитесь в том, что имеются (отсутствуют) признаки неисправности;24-20-00-810-853-4;;;
24-20-00-810-853-5-A;5/А;Произведите проверку и ремонт электропроводки между блоком управления генератором левым (6-Х242) и контактором K5-26;24-20-00-810-853-5;;;
24-20-00-810-853-5-A-1;5/А/(1)/-;Произведите проверку и ремонт электропроводки между привод-генератором левым (15-Х242) и контактором K5-26;24-20-00-810-853-5;;;
24-22-01-900-801;5/А/(1)/(а)/-;Произведите замену блока управления генератором левого (6-Х242);24-20-00-810-853-5;Демонтаж и монтаж блока управления генератором (6-X242 и 7-X242);;
24-21-01-900-801;5/А/(1)/(б)/-;Произведите замену привод-генератора левого (15-X242);24-20-00-810-853-5;Демонтаж и монтаж привод-генератора (15-X242 и 16-X242);;
24-20-00-810-853-4;6/А;Убедитесь в том, что имеются (отсутствуют) признаки неисправности;24-20-00-810-853-6;;;
24-22-00-710-801;4/А;Произведите контроль работоспособности привод-генератора левого (15-Х242);24-20-00-810-854-4;Контроль работоспособности основной системы переменного тока;;
24-00-00-810-854-4-А-1;4/А/(1);Убедитесь в том, что имеются (отсутствуют) признаки неисправности;24-20-00-810-854-4;;;
24-20-00-810-854-5-A;5/А;Произведите проверку и ремонт электропроводки между блоком управления генератором левым (6-Х242) и корпусом самолета;24-20-00-810-854-5;;;
24-22-01-900-801;5/А/(1)/-;Произведите замену блока управления генератором левого (6-Х242);24-20-00-810-854-5;Демонтаж и монтаж блока управления генератором (6-X242 и 7-X242);;
24-20-00-810-854-4;6/А;Убедитесь в том, что имеются (отсутствуют) признаки неисправности;24-20-00-810-854-6;;;
24-22-00-710-801;4/А;Произведите контроль работоспособности привод-генератора левого (15-Х242);24-20-00-810-855-4;Контроль работоспособности основной системы переменного тока;;
24-00-00-810-855-4-А-1;4/А/(1);Убедитесь в том, что имеются (отсутствуют) признаки неисправности;24-20-00-810-855-4;;;
24-20-00-810-855-5-A;5/А;Произведите проверку и ремонт электропроводки между привод-генератором левым (15-Х242) и контактором К5-26;24-20-00-810-855-5;;;
24-22-01-900-801;5/А/(1)/-;Произведите замену блока управления генератором левого (6-Х242);24-20-00-810-855-5;Демонтаж и монтаж блока управления генератором (6-X242 и 7-X242);;
24-21-01-900-801;5/А/(1)/(а)/-;Произведите замену привод-генератора левого (15-X242);24-20-00-810-855-5;Демонтаж и монтаж привод-генератора (15-X242 и 16-X242);;
24-20-00-810-855-4;6/А;Убедитесь в том, что имеются (отсутствуют) признаки неисправности;24-20-00-810-855-6;;;
24-22-00-710-801;4/А;Произведите контроль работоспособности привод-генератора левого (15-Х242);24-20-00-810-856-4;Контроль работоспособности основной системы переменного тока;;
24-00-00-810-856-4-А-1;4/А/(1);Убедитесь в том, что имеются (отсутствуют) признаки неисправности;24-20-00-810-856-4;;;
24-22-01-900-801;5/А;Произведите замену блока управления генератором левого (6-Х242);24-20-00-810-856-5;Демонтаж и монтаж блока управления генератором (6-X242 и 7-X242);;
24-20-00-810-856-4;6/А;Убедитесь в том, что имеются (отсутствуют) признаки неисправности;24-20-00-810-856-6;;;
24-22-00-710-801;4/А;Произведите контроль работоспособности привод-генератора левого (15-Х242);24-20-00-810-857-4;Контроль работоспособности основной системы переменного тока;;
24-00-00-810-857-4-А-1;4/А/(1);Убедитесь в том, что имеются (отсутствуют) признаки неисправности;24-20-00-810-857-4;;;
24-22-01-900-801;5/А;Произведите замену блока управления генератором левого (6-Х242);24-20-00-810-857-5;Демонтаж и монтаж блока управления генератором (6-X242 и 7-X242);;
24-20-00-810-857-4;6/А;Убедитесь в том, что имеются (отсутствуют) признаки неисправности;24-20-00-810-857-6;;;
24-22-00-710-801;4/А;Произведите контроль работоспособности привод-генератора левого (15-Х242);24-20-00-810-858-4;Контроль работоспособности основной системы переменного тока;;
24-00-00-810-858-4-А-1;4/А/(1);Убедитесь в том, что имеются (отсутствуют) признаки неисправности;24-20-00-810-858-4;;;
24-20-00-810-858-5-А;5/А;Произведите проверку и ремонт электропроводки между блоком управления генератором левым (6-Х242) и сервоклапаном привод-генератора левого (15-Х242);24-20-00-810-858-5;;;
24-20-00-810-858-5-А-1;5/А/(1)/-;Произведите проверку сервоклапана привод-генератора левого (15-Х242) на номинальное сопротивление;24-20-00-810-858-5;;Сопротивление, измеренное при температуре 20 °С, не находится в пределе (75 ± 7) Ω / Сопротивление, измеренное при температуре 20 °С, находится в пределе (75 ± 7) Ω;
24-21-01-900-801;5/А/(1)/(а)/-;Произведите замену привод-генератора левого (15-X242);24-20-00-810-858-5;Демонтаж и монтаж привод-генератора (15-X242 и 16-X242);;
24-22-01-900-801;5/А/(2)/-;Произведите замену блока управления генератором левого (6-Х242);24-20-00-810-858-5;Демонтаж и монтаж блока управления генератором (6-X242 и 7-X242);;
24-20-00-810-858-4;6/А;Убедитесь в том, что имеются (отсутствуют) признаки неисправности;24-20-00-810-858-6;;;
24-22-00-710-801;4/А;Произведите контроль работоспособности привод-генератора левого (15-Х242);24-20-00-810-859-4;Контроль работоспособности основной системы переменного тока;;
24-00-00-810-859-4-А-1;4/А/(1);Убедитесь в том, что имеются (отсутствуют) признаки неисправности;24-20-00-810-859-4;;;
24-22-01-900-801;5/А;Произведите замену блока управления генератором левого (6-Х242);24-20-00-810-859-5;Демонтаж и монтаж блока управления генератором (6-X242 и 7-X242);;
24-21-01-900-801;5/А/(1)/-;Произведите замену привод-генератора левого (15-X242);24-20-00-810-859-5;Демонтаж и монтаж привод-генератора (15-X242 и 16-X242);;
24-20-00-810-859-4;6/А;Убедитесь в том, что имеются (отсутствуют) признаки неисправности;24-20-00-810-859-6;;;
24-22-00-710-801;4/А;Произведите контроль работоспособности привод-генератора левого (15-Х242);24-20-00-810-860-4;Контроль работоспособности основной системы переменного тока;;
24-00-00-810-860-4-А-1;4/А/(1);Убедитесь в том, что имеются (отсутствуют) признаки неисправности;24-20-00-810-860-4;;;
24-20-00-810-860-5-А;5/А;Произведите проверку и ремонт электропроводки между блоком управления генератором левым (6-X242) и привод-генератором левым (15-X242);24-20-00-810-860-5;;;
24-21-01-900-801;5/А/(1)/-;Произведите замену привод-генератора левого (15-X242);24-20-00-810-860-5;Демонтаж и монтаж привод-генератора (15-X242 и 16-X242);;
24-22-01-900-801;5/А/(1)/(а)/-;Произведите замену блока управления генератором левого (6-Х242);24-20-00-810-860-5;Демонтаж и монтаж блока управления генератором (6-X242 и 7-X242);;
24-20-00-810-860-4;6/А;Убедитесь в том, что имеются (отсутствуют) признаки неисправности;24-20-00-810-860-6;;;
24-22-00-710-801;4/А;Произведите контроль работоспособности привод-генератора левого (15-Х242);24-20-00-810-861-4;Контроль работоспособности основной системы переменного тока;;
24-00-00-810-861-4-А-1;4/А/(1);Убедитесь в том, что имеются (отсутствуют) признаки неисправности;24-20-00-810-861-4;;;
24-22-01-900-801;5/А;Произведите замену блока управления генератором левого (6-Х242);24-20-00-810-861-5;Демонтаж и монтаж блока управления генератором (6-X242 и 7-X242);;
24-20-00-810-861-4;6/А;Убедитесь в том, что имеются (отсутствуют) признаки неисправности;24-20-00-810-861-6;;;
24-22-00-710-801;4/А;Произведите контроль работоспособности привод-генератора левого (15-Х242);24-20-00-810-862-4;Контроль работоспособности основной системы переменного тока;;
24-00-00-810-862-4-А-1;4/А/(1);Убедитесь в том, что имеются (отсутствуют) признаки неисправности;24-20-00-810-862-4;;;
24-20-00-810-862-5-А;5/А;Произведите проверку и ремонт электропроводки между блоком управления генератором левым (6-Х242) и сервоклапаном привод-генератора левого (15-Х242);24-20-00-810-862-5;;;
24-20-00-810-862-5-А-1;5/А/(1)/-;Произведите проверку сервоклапана привод-генератора левого (15-Х242) на номинальное сопротивление;24-20-00-810-862-5;;Сопротивление отличается от номинального (75 ± 7) Ω при температуре  при температуре 20 °С/ Сопротивление не отличается от номинального (75 ± 7) Ω при температуре  при температуре 20 °С;
24-21-01-900-801;5/А/(1)/(а)/-;Произведите замену привод-генератора левого (15-X242);24-20-00-810-862-5;Демонтаж и монтаж привод-генератора (15-X242 и 16-X242);;
24-22-01-900-801;5/А/(1)/(б)/-;Произведите замену блока управления генератором левого (6-Х242);24-20-00-810-862-5;Демонтаж и монтаж блока управления генератором (6-X242 и 7-X242);;
24-20-00-810-862-4;6/А;Убедитесь в том, что имеются (отсутствуют) признаки неисправности;24-20-00-810-862-6;;;
24-22-00-710-801;4/А;Произведите контроль работоспособности привод-генератора левого (15-Х242);24-20-00-810-863-4;Контроль работоспособности основной системы переменного тока;;
24-00-00-810-863-4-А-1;4/А/(1);Убедитесь в том, что имеются (отсутствуют) признаки неисправности;24-20-00-810-863-4;;;
24-21-01-900-801;5/А;Произведите замену привод-генератора левого (15-X242);24-20-00-810-863-5;Демонтаж и монтаж привод-генератора (15-X242 и 16-X242);;
24-20-00-810-863-4;6/А;Убедитесь в том, что имеются (отсутствуют) признаки неисправности;24-20-00-810-863-6;;;
24-22-00-710-801;4/А;Произведите контроль работоспособности привод-генератора левого (15-Х242);24-20-00-810-864-4;Контроль работоспособности основной системы переменного тока;;
24-00-00-810-864-4-А-1;4/А/(1);Убедитесь в том, что имеются (отсутствуют) признаки неисправности;24-20-00-810-864-4;;;
24-21-01-900-801;5/А;Произведите замену привод-генератора левого (15-X242);24-20-00-810-864-5;Демонтаж и монтаж привод-генератора (15-X242 и 16-X242);;
24-20-00-810-864-4;6/А;Убедитесь в том, что имеются (отсутствуют) признаки неисправности;24-20-00-810-864-6;;;
24-22-00-710-801;4/А;Произведите контроль работоспособности привод-генератора левого (15-Х242);24-20-00-810-865-4;Контроль работоспособности основной системы переменного тока;;
24-00-00-810-865-4-А-1;4/А/(1);Убедитесь в том, что имеются (отсутствуют) признаки неисправности;24-20-00-810-865-4;;;
24-20-00-810-865-5-А;5/А;Произведите проверку и ремонт электропроводки между блоком управления генератором левым (6-Х242) и сервоклапаном привод-генератора (15-Х242);24-20-00-810-865-5;;;
24-20-00-810-865-5-1;5/А/(1)/-;Произведите проверку сервоклапана привод-генератора левого (15-Х242) на номинальное сопротивление;24-20-00-810-865-5;;Сопротивление отличается от номинального (75+7) Ω при температуре 20 °C / Сопротивление не отличается от номинального (75+7) Ω при температуре 20 °C;
24-21-01-900-801;5/А/(1)/(а)/-;Произведите замену привод-генератора левого (15-X242);24-20-00-810-865-5;Демонтаж и монтаж привод-генератора (15-X242 и 16-X242);;
24-20-00-810-865-4;6/А;Убедитесь в том, что имеются (отсутствуют) признаки неисправности;24-20-00-810-865-6;;;
24-22-00-710-801;4/А;Произведите контроль работоспособности привод-генератора левого (15-Х242);24-20-00-810-867-4;Контроль работоспособности основной системы переменного тока;;
24-00-00-810-867-4-А-1;4/А/(1);Убедитесь в том, что имеются (отсутствуют) признаки неисправности;24-20-00-810-867-4;;;
31-43-01-900-801;5/А;Произведите замену блок-концентратора данных (3-T314);24-20-00-810-867-5;;;
24-21-01-900-801;5/А/(1)/-;Произведите замену привод-генератора левого (15-X242);24-20-00-810-867-5;Демонтаж и монтаж привод-генератора (15-X242 и 16-X242);;
24-20-00-810-867-4;6/А;Убедитесь в том, что имеются (отсутствуют) признаки неисправности;24-20-00-810-867-6;;;
24-22-00-710-801;4/А;Произведите контроль работоспособности привод-генератора левого (15-Х242);24-20-00-810-868-4;Контроль работоспособности основной системы переменного тока;;
24-00-00-810-868-4-А-1;4/А/(1);Убедитесь в том, что имеются (отсутствуют) признаки неисправности;24-20-00-810-868-4;;;
24-22-01-900-801;5/А;Произведите замену блока управления генератором левого (6-Х242);24-20-00-810-868-5;Демонтаж и монтаж блока управления генератором (6-X242 и 7-X242);;
24-21-01-900-801;5/А/(1)/-;Произведите замену привод-генератора левого (15-X242);24-20-00-810-868-5;Демонтаж и монтаж привод-генератора (15-X242 и 16-X242);;
24-20-00-810-868-4;6/А;Убедитесь в том, что имеются (отсутствуют) признаки неисправности;24-20-00-810-868-6;;;
24-22-00-710-801;4/А;Произведите контроль работоспособности привод-генератора левого (15-Х242);24-20-00-810-869-4;Контроль работоспособности основной системы переменного тока;;
24-00-00-810-869-4-А-1;4/А/(1);Убедитесь в том, что имеются (отсутствуют) признаки неисправности;24-20-00-810-869-4;;;
24-21-01-900-801;5/А;Произведите замену привод-генератора левого (15-X242);24-20-00-810-869-5;Демонтаж и монтаж привод-генератора (15-X242 и 16-X242);;
24-20-00-810-869-4;6/А;Убедитесь в том, что имеются (отсутствуют) признаки неисправности;24-20-00-810-869-6;;;
24-22-00-710-801;4/А;Произведите контроль работоспособности привод-генератора левого (15-Х242);24-20-00-810-870-4;Контроль работоспособности основной системы переменного тока;;
24-00-00-810-870-4-А-1;4/А/(1);Убедитесь в том, что имеются (отсутствуют) признаки неисправности;24-20-00-810-870-4;;;
24-22-01-900-801;5/А;Произведите замену блока управления генератором левого (6-Х242);24-20-00-810-870-5;Демонтаж и монтаж блока управления генератором (6-X242 и 7-X242);;
24-20-00-810-870-4;6/А;Убедитесь в том, что имеются (отсутствуют) признаки неисправности;24-20-00-810-870-6;;;
24-22-00-710-801;4/А;Произведите контроль работоспособности привод-генератора левого (15-Х242);24-20-00-810-871-4;Контроль работоспособности основной системы переменного тока;;
24-00-00-810-871-4-А-1;4/А/(1);Убедитесь в том, что имеются (отсутствуют) признаки неисправности;24-20-00-810-871-4;;;
24-20-00-810-871-5-А;5/А;Произведите проверку и ремонт электропроводки между блоком управления генератором левым (6-X242) и привод-генератором левым (15-Х242);24-20-00-810-871-5;;;
24-21-01-900-801;5/А/(1)/-;Произведите замену привод-генератора левого (15-X242);24-20-00-810-871-5;Демонтаж и монтаж привод-генератора (15-X242 и 16-X242);;
24-22-01-900-801;5/А/(а)/-;Произведите замену блока управления генератором левого (6-Х242);24-20-00-810-871-5;Демонтаж и монтаж блока управления генератором (6-X242 и 7-X242);;
24-20-00-810-871-4;6/А;Убедитесь в том, что имеются (отсутствуют) признаки неисправности;24-20-00-810-871-6;;;
24-22-00-710-801;4/А;Произведите контроль работоспособности привод-генератора левого (15-Х242);24-20-00-810-872-4;Контроль работоспособности основной системы переменного тока;;
24-00-00-810-872-4-А-1;4/А/(1);Убедитесь в том, что имеются (отсутствуют) признаки неисправности;24-20-00-810-872-4;;;
24-20-00-810-872-5-А;5/А;Произведите проверку и ремонт электропроводки между блоком управления генератором левым (6-X242) и трансформатором тока (101-X242);24-20-00-810-872-5;;;
24-20-00-810-872-5-А-1;5/А/(1)/-;Произведите проверку и ремонт электропроводки между привод-генератором левым (15-Х242) и контактором К5-26;24-20-00-810-872-5;;;
24-22-05-900-801;5/А/(1)/(а)/-;Произведите замену трансформатора тока (101-X242);24-20-00-810-872-5;;;
24-21-01-900-801;5/А/(1)/(б)/-;Произведите замену привод-генератора левого (15-X242);24-20-00-810-872-5;Демонтаж и монтаж привод-генератора (15-X242 и 16-X242);;
24-22-01-900-801;5/А/(1)/(в)/-;Произведите замену блока управления генератором левого (6-Х242);24-20-00-810-872-5;Демонтаж и монтаж блока управления генератором (6-X242 и 7-X242);;
24-20-00-810-872-4;6/А;Убедитесь в том, что имеются (отсутствуют) признаки неисправности;24-20-00-810-872-6;;;
24-20-00-810-801-5-А-1-1;5/А/(1)/(а)/-;Выполнить проверку и ремонт электропроводки от 6-X242, контакт A-E3 до К5-26, контакт E;24-20-00-810-801-5-А-1;;;
24-20-00-810-801-5-АА-1;5/А;Выполнить проверку и ремонт электропроводки от 6-X242, контакт B-J10 до К5-26, контакт A;24-20-00-810-804-5-A;;;
24-20-00-810-805-5-AА-1;5/А;Выполнить проверку и ремонт электропроводки от 6-X242, контакт A-E4 до 5-F311, контакт E41;24-20-00-810-805-5-A;;;
24-20-00-810-805-5-AА-2;5/А;Выполнить проверку и ремонт электропроводки от 6-X242, контакт A-G2 до 5-F311, контакт B42;24-20-00-810-805-5-A;;;
24-20-00-810-805-5-AА-3;5/А;Выполнить проверку и ремонт электропроводки от 6-X242, контакт A-C1 до 5-F311, контакт B47;24-20-00-810-805-5-A;;;
24-20-00-810-806-5-AА-1;5/А;Выполнить проверку и ремонт электропроводки от 6-X242, контакт A-E4 до 5-F311, контакт E41;24-20-00-810-806-5-A;;;
24-20-00-810-806-5-AА-2;5/А;Выполнить проверку и ремонт электропроводки от 6-X242, контакт A-G2 до 5-F311, 5-F311, контакт B42;24-20-00-810-806-5-A;;;
24-20-00-810-806-5-AА-3;5/А;Выполнить проверку и ремонт электропроводки от 6-X242, контакт A-C1 до 5-F311, контакт B47;24-20-00-810-806-5-A;;;
24-20-00-810-811-5-AА-1;5/А;Выполнить проверку и ремонт электропроводки от 6-X242, контакт С-12 до 15-X242, контакт J1:A;24-20-00-810-811-5-A;;;
24-20-00-810-811-5-AА-2;5/А;Выполнить проверку и ремонт электропроводки от 6-X242, контакт С-13 до 15-X242, контакт J2:C;24-20-00-810-811-5-A;;;
24-20-00-810-811-5-AА-3;5/А;Выполнить проверку и ремонт электропроводки от 6-X242, контакт С-10 до 15-X242, контакт J2:C;24-20-00-810-811-5-A;;;
24-20-00-810-811-5-AА-4;5/А;Выполнить проверку и ремонт электропроводки от 6-X242, контакт С-11 до 15-X242, контакт J2:M;24-20-00-810-811-5-A;;;
24-20-00-810-811-5-AА-5;5/А;Выполнить проверку и ремонт электропроводки от 6-X242, контакт С-9 до 15-X242, контакт J2:G;24-20-00-810-811-5-A;;;
24-20-00-810-812-5-AА-1;5/А;Выполнить проверку и ремонт электропроводки от 6-X242, контакт B1-J11 до 15-X242, контакт J2:A;24-20-00-810-812-5-A;;;
24-20-00-810-812-5-AА-2;5/А;Выполнить проверку и ремонт электропроводки от 6-X242, контакт B1-H11 до 15-X242, контакт J2:B;24-20-00-810-812-5-A;;;
24-20-00-810-814-5-AА-1;5/А;Выполнить проверку и ремонт электропроводки от 6-X242, контакт A-E8 до 3-T314, контакт EJ11;24-20-00-810-814-5-A;;;
24-20-00-810-814-5-AА-2;5/А;Выполнить проверку и ремонт электропроводки от 6-X242, контакт A-E7 до 3-T314, контакт EJ10;24-20-00-810-814-5-A;;;
24-20-00-810-817-5-AА-1;5/А;Выполнить проверку и ремонт электропроводки от 6-X242, контакт A-E8 до 3-T314, контакт EJ11;24-20-00-810-817-5-A;;;
24-20-00-810-817-5-AА-2;5/А;Выполнить проверку и ремонт электропроводки от 6-X242, контакт A-E7 до 3-T314, контакт EJ10;24-20-00-810-817-5-A;;;
24-20-00-810-818-5-A-2-1;5/А/(2)/-;Выполнить проверку и ремонт электропроводки от 15-X242, контакт J2:E до 6-X242, контакт A-C9;24-20-00-810-818-5-A-2;;;
24-20-00-810-818-5-A-2-2;5/А/(2)/-;Выполнить проверку и ремонт электропроводки от 15-X242, контакт J2:F до 6-X242, контакт A-D9;24-20-00-810-818-5-A-2;;;
24-20-00-810-822-5-AА-1;5/А;Выполнить проверку и ремонт электропроводки от 5-F311, контакт B12 до 6-X242, контакт A-J4;24-20-00-810-822-5-А;;;
24-20-00-810-823-5-AА-1;5/А;Выполнить проверку и ремонт электропроводки от 5-F311, контакт B12 до 6-X242, контакт A-J4;24-20-00-810-823-5-А;;;
24-20-00-810-824-5-A-2-1;5/А/(2);Выполнить проверку и ремонт электропроводки от 15-X242, контакт J2:Н до 6-X242, контакт A-A4;24-20-00-810-824-5-А-2;;;
24-20-00-810-826-5-АА-1;5/А;Выполнить проверку и ремонт электропроводки от 5-F311, контакт B10 до 6-X242, контакт A-K14;24-20-00-810-826-5-А;;;
24-20-00-810-827-5-АА-1;5/А;Выполнить проверку и ремонт электропроводки от 5-F311, контакт B10 до 6-X242, контакт A-K14;24-20-00-810-827-5-А;;;
24-20-00-810-828-5-АА-1;5/А;Выполнить проверку и ремонт электропроводки от 5-F311, контакт B13 до 6-X242, контакт A-K15;24-20-00-810-828-5-А;;;
24-20-00-810-829-5-АА-1;5/А;Выполнить проверку и ремонт электропроводки от 5-F311, контакт B12 до 6-X242, контакт A-J4;24-20-00-810-829-5-А;;;
24-20-00-810-831-5-АА-1;5/А;Выполнить проверку и ремонт электропроводки от 6-X242, контакт А-J3 до 7-F311, контакт A-L;24-20-00-810-831-5-А;;;
24-20-00-810-832-5-АА-1;5/А;Выполнить проверку и ремонт электропроводки от 6-X242, контакт A-G4 до Корпус самолета;24-20-00-810-832-5-А;;;
24-20-00-810-833-5-АА-1;5/А;Выполнить проверку и ремонт электропроводки от 5-F311, контакт B26 до K5-26, контакт H;24-20-00-810-833-5-А;;;
24-20-00-810-834-5-АА-1;5/А;Выполнить проверку и ремонт электропроводки от 5-F311, контакт B13 до 6-X242, контакт A-K15;24-20-00-810-834-5-А;;;
24-20-00-810-839-5-АА-1;5/А;Выполнить проверку и ремонт электропроводки от 6-X242, контакт С-10 до 15-X242, контакт J2:C;24-20-00-810-839-5-А;;;
24-20-00-810-839-5-АА-2;5/А;Выполнить проверку и ремонт электропроводки от 6-X242, контакт С-11 до 15-X242, контакт J2:M;24-20-00-810-839-5-А;;;
24-20-00-810-839-5-АА-3;5/А;Выполнить проверку и ремонт электропроводки от 6-X242, контакт С-9 до 15-X242, контакт J2:G;24-20-00-810-839-5-А;;;
24-20-00-810-842-5-АА-1;5/А;Выполнить проверку и ремонт электропроводки от 15-X242, контакт J1:B до 6-X242, контакт C-13;24-20-00-810-842-5-А;;;
24-20-00-810-843-5-АА-1;5/А;Выполнить проверку и ремонт электропроводки от 6-X242, контакт A-H14 до Корпус самолета;24-20-00-810-843-5-А;;;
24-20-00-810-845-5-АА-1;5/А;Выполнить проверку и ремонт электропроводки от 6-X242, контакт C-10 до 15-X242, контакт J2:C;24-20-00-810-845-5-А;;;
24-20-00-810-845-5-АА-2;5/А;Выполнить проверку и ремонт электропроводки от 6-X242, контакт C-11 до 15-X242, контакт J2:M;24-20-00-810-845-5-А;;;
24-20-00-810-845-5-АА-3;5/А;Выполнить проверку и ремонт электропроводки от 6-X242, контакт C-9 до 15-X242, контакт J2:G;24-20-00-810-845-5-А;;;
24-20-00-810-846-5-АА-1;5/А;Выполнить проверку и ремонт электропроводки от 6-X242, контакт C-12 до 15-X242, контакт J1:A;24-20-00-810-846-5-А;;;
24-20-00-810-846-5-АА-2;5/А;Выполнить проверку и ремонт электропроводки от 6-X242, контакт C-13 до 15-X242, контакт J1:B;24-20-00-810-846-5-А;;;
24-20-00-810-847-5-АА-1;5/А;Выполнить проверку и ремонт электропроводки от 6-X242, контакт C-12 до 15-X242, контакт J1:A;24-20-00-810-847-5-А;;;
24-20-00-810-847-5-АА-2;5/А;Выполнить проверку и ремонт электропроводки от 6-X242, контакт C-13 до 15-X242, контакт J1:B;24-20-00-810-847-5-А;;;
24-20-00-810-849-5-АА-1;5/А;Выполнить проверку и ремонт электропроводки от 15-X242, контакт T1 до K5-26, контакт A1;24-20-00-810-849-5-А;;;
24-20-00-810-849-5-АА-2;5/А;Выполнить проверку и ремонт электропроводки от 15-X242, контакт T2 до K5-26, контакт B1;24-20-00-810-849-5-А;;;
24-20-00-810-849-5-АА-3;5/А;Выполнить проверку и ремонт электропроводки от 15-X242, контакт T3 до K5-26, контакт C1;24-20-00-810-849-5-А;;;
24-20-00-810-850-5-АА-1;5/А;Выполнить проверку и ремонт электропроводки от 6-X242, контакт A-G14 до K5-26, контакт A1;24-20-00-810-850-5-А;;;
24-20-00-810-850-5-АА-2;5/А;Выполнить проверку и ремонт электропроводки от 6-X242, контакт A-H15 до K5-26, контакт B1;24-20-00-810-850-5-А;;;
24-20-00-810-850-5-АА-3;5/А;Выполнить проверку и ремонт электропроводки от 6-X242, контакт A-G15 до K5-26, контакт C1;24-20-00-810-850-5-А;;;
24-20-00-810-850-5-А-1-1;5/А/(1);Выполнить проверку и ремонт электропроводки от 15-X242, контакт T1 до K5-26, контакт A1;24-20-00-810-850-5-A-1;;;
24-20-00-810-850-5-А-1-2;5/А/(1);Выполнить проверку и ремонт электропроводки от 15-X242, контакт T2 до K5-26, контакт B1;24-20-00-810-850-5-A-1;;;
24-20-00-810-850-5-А-1-3;5/А/(1);Выполнить проверку и ремонт электропроводки от 15-X242, контакт T3 до K5-26, контакт C1;24-20-00-810-850-5-A-1;;;
24-20-00-810-851-5-АА-1;5/А;Выполнить проверку и ремонт электропроводки от 6-X242, контакт A-H14 до Корпус самолета;24-20-00-810-851-5-A;;;
24-20-00-810-852-5-АА-1;5/А;Выполнить проверку и ремонт электропроводки от 15-X242, контакт N до Корпус самолета;24-20-00-810-852-5-A;;;
24-20-00-810-853-5-АА-1;5/А;Выполнить проверку и ремонт электропроводки от 6-X242, контакт A-G14 до K5-26, контакт A1;24-20-00-810-853-5-A;;;
24-20-00-810-853-5-АА-2;5/А;Выполнить проверку и ремонт электропроводки от 6-X242, контакт A-H15 до K5-26, контакт B1;24-20-00-810-853-5-A;;;
24-20-00-810-853-5-АА-3;5/А;Выполнить проверку и ремонт электропроводки от 6-X242, контакт A-G15 до K5-26, контакт C1;24-20-00-810-853-5-A;;;
24-20-00-810-853-5-А-1-1;5/А/(1)/-;Выполнить проверку и ремонт электропроводки от 15-X242, контакт T1 до K5-26, контакт A1;24-20-00-810-853-5-А-1;;;
24-20-00-810-853-5-А-1-2;5/А/(1)/-;Выполнить проверку и ремонт электропроводки от 15-X242, контакт T2 до K5-26, контакт B1;24-20-00-810-853-5-А-1;;;
24-20-00-810-853-5-А-1-3;5/А/(1)/-;Выполнить проверку и ремонт электропроводки от 15-X242, контакт T3 до K5-26, контакт C1;24-20-00-810-853-5-А-1;;;
24-20-00-810-854-5-АА-1;5/А;Выполнить проверку и ремонт электропроводки от 6-X242, контакт A-H14 до Корпус самолета;24-20-00-810-854-5-А;;;
24-20-00-810-855-5-АА-1;5/А;Выполнить проверку и ремонт электропроводки от 15-X242, контакт N до Корпус самолета;24-20-00-810-855-5-А;;;
24-20-00-810-855-5-АА-2;5/А;Выполнить проверку и ремонт электропроводки от 115-X242, контакт T1 до К5-26, контакт A1;24-20-00-810-855-5-А;;;
24-20-00-810-855-5-АА-3;5/А;Выполнить проверку и ремонт электропроводки от 15-X242, контакт T2 до К5-26, контакт B1;24-20-00-810-855-5-А;;;
24-20-00-810-855-5-АА-4;5/А;Выполнить проверку и ремонт электропроводки от 15-X242, контакт T3 до К5-26, контакт C1;24-20-00-810-855-5-А;;;
24-20-00-810-860-5-АА-1;5/А;Выполнить проверку и ремонт электропроводки от 6-X242, контакт С-10 до 15-X242, контакт J1:C;24-20-00-810-860-5-А;;;
24-20-00-810-860-5-АА-2;5/А;Выполнить проверку и ремонт электропроводки от 6-X242, контакт С-11 до 15-X242, контакт J1:M;24-20-00-810-860-5-А;;;
24-20-00-810-860-5-АА-3;5/А;Выполнить проверку и ремонт электропроводки от6-X242, контакт С-9 до 15-X242, контакт J1:G;24-20-00-810-860-5-А;;;
24-20-00-810-862-5-АА-1;5/А;Выполнить проверку и ремонт электропроводки от 6-X242, контакт B-H11 до 15-X242, контакт J2:B;24-20-00-810-862-5-А;;;
24-20-00-810-862-5-АА-2;5/А;Выполнить проверку и ремонт электропроводки от 6-X242, контакт B-J11 до 15-X242, контакт J2:A;24-20-00-810-862-5-А;;;
24-20-00-810-865-5-АА-1;5/А;Выполнить проверку и ремонт электропроводки от 6-X242, контакт B-H11 до 15-X242, контакт J2:B;24-20-00-810-865-5-А;;;
24-20-00-810-865-5-АА-2;5/А;Выполнить проверку и ремонт электропроводки от 6-X242, контакт B-J11 до 15-X242, контакт J2:A;24-20-00-810-865-5-А;;;
24-20-00-810-871-5-АА-1;5/А;Выполнить проверку и ремонт электропроводки от 6-X242, контакт A-D14 до 15-X242, контакт J1:F;24-20-00-810-871-5-А;;;
24-20-00-810-871-5-АА-2;5/А;Выполнить проверку и ремонт электропроводки от 6-X242, контакт A-E15 до 15-X242, контакт J1:E;24-20-00-810-871-5-А;;;
24-20-00-810-871-5-АА-3;5/А;Выполнить проверку и ремонт электропроводки от 6-X242, контакт A-D15 до 15-X242, контакт J1:D;24-20-00-810-871-5-А;;;
